index,id,created_at,user_id,text,care,harm,fairness,cheating,loyalty,betrayal,authority,subversion,purity,degradation,anger,anticipation,disgust,fear,joy,love,optimism,pessimism,sadness,surprise,trust
634,1.27E+18,2020-06-20 19:33:22+00:00,26653483.0,10 is my least favourite doctor out of 10-13ğŸ™ˆ,,,,,,,,,,,,,1,,,,,,,,
457,1.33E+18,2020-11-16 05:39:04+00:00,9.37202E+17,the bottom has completely fallen out,,,,,,,,,,,,,,,,,,,,,
652,1.34E+18,2020-12-12 22:54:03+00:00,1.08321E+18, ğŸ´ğŸ”¥ğŸ´we love you too! swylf forever!ğŸ´ğŸ”¥ğŸ´,,,,,,,,,,,,,,,,1,,,,,
359,1.22E+18,2020-02-01 05:10:17+00:00,17638041.0, he is not impeached forever. there was no impeachment. the vote was partisan for impeachment articles and bi partisan for no impeachment articles.,,,,,,,1,1,,,,,,,,,,,,,
599,1.32E+18,2020-10-27 04:59:19+00:00,70928048.0,"please keep our first responders in your prayers, while our neighbors evacuate. stay safe",1,,,,,,,,1,,,,,,,,,,,,1
342,1.34E+18,2020-12-11 04:13:54+00:00,227185568.0,"caught this surfer just coming out of a barrel! tag if you know the surfer. #hbpier #hbpiersouthside #huntingtonbeach #surfing #surfphotography #california #canonphotography @ huntington beach, california https://t.co/b23eblqo11",,,,,,,,,,,,,,,1,,,,,,
234,1.34E+18,2020-12-14 18:39:37+00:00,1.24616E+18,no me rewatching all the lectures to study smfh i should of just payed attention the first time ğŸ¤¦â€â™‚ï¸ğŸ˜‚,,,,,,,,,,,,,1,,,,,1,1,,
780,1.22E+18,2020-01-26 20:04:03+00:00,7.54732E+17,"yeah...ima have to be the elephant killer:- how did a fire started in the first place...in a open field tho?- since it was known for kobe to go ğŸš  riding as his past time, who was watchn or following him?- kobe was only 41...why does his death seems like a setup? #qtna",,1,,,,,,,,,,,,1,,,,1,1,,
121,1.27E+18,2020-06-02 00:59:40+00:00,2422476984.0,national guard everywhere in #westwood village. no masks in sight. police staging area on kinross and wilshire is packed with no fewer than 100 officers. unclear whether or not mass arrests will take place but no police busses in sight. https://t.co/21tj20osfb,,,,,,,1,,,,,,,1,,,,1,,,
192,1.31E+18,2020-09-26 20:22:32+00:00,727579052.0,"chocolate, i love chocolate, itâ€™s my favorite!! #abgt400",,,,,,,,,,,,,,,,1,,,,,
286,1.23E+18,2020-02-29 18:22:15+00:00,95590206.0,"a membership with cureâ€™s concierge service is your ticket to a better life. if youâ€™re looking for unprecedented 24/7 access to the best medical care available, this is the best deal in town.concierge members areâ€¦ https://t.co/kesrhvmyp1",1,,,,,,,,,,,,,,,,1,,,,1
187,1.21E+18,2020-01-06 03:43:29+00:00,512525777.0,me cheering awkwafina to everything she deserves https://t.co/nejzdmvkc8,1,,,,,,,,,,,,,,1,1,,,,,
497,1.27E+18,2020-06-22 06:55:46+00:00,7.18157E+17, bruh youâ€™re not gonna not wanna be rich because of higher taxes. youâ€™re still gonna be allowed to be a billionaire.,,,,,,,,,,,,,1,,,,,1,,,
845,1.23E+18,2020-02-15 06:27:39+00:00,2391735781.0, i miss you too! hope your valentines was extra special and iâ€™ll get to see you soon! ğŸ¥°ğŸ’–,1,,,,,,,,,,,1,,,1,1,1,,,,
16,1.26E+18,2020-05-14 21:22:59+00:00,1690186524.0, wow. it's almost like you have someone just printing money for you. must be nice.,,,,1,,,,,,,,,1,,,,,1,,,
96,1.27E+18,2020-06-01 05:04:12+00:00,21145221.0,"#chicken #chashu #pesto #ramen...#globalistrecipes #cheatday #quarantinecooking #asianfusion #martiallaw #whitenationalistshaveinfiltratedlawenforcement @ sherman oaks, california https://t.co/oj8mfugfrp",,,,1,,,,,,,1,,1,,,,,1,,,
383,1.25E+18,2020-04-08 09:40:00+00:00,27341776.0,theyâ€™re good lads who exercise good praxis at all times. snag this asap,,,,,,,,,,,,,,,,,1,,,,1
555,1.3E+18,2020-08-25 03:43:15+00:00,393695853.0, we love you jenny ğŸ’™,,,,,,,,,,,,,,,,1,,,,,
830,1.27E+18,2020-06-08 18:19:49+00:00,10399172.0," well, everything except police violence, racism, and the number of people protesting against trump. those are all at all time high",,1,,1,,,,1,,,,,1,,,,,1,1,,
147,1.24E+18,2020-03-27 15:00:42+00:00,1.24186E+18," let's also thank the easter bunny, santa claus, tooth fairy, and all the orange ooompa loompas for allowing america's intelligence-challenged, arrested development idiots to live on planet plutocrat la-la liar. oh, and emperor, love your clothes!!",,,,,,,,1,,,1,,1,,,,,,,,
451,1.29E+18,2020-07-21 05:12:53+00:00,181340030.0,"l.a. county reports hospitalizations at all-time high; officials cite concerns for pregnant women, younger people https://t.co/n5oyaup6wb",1,,,,,,,,,,,,,1,,,,1,1,,
502,1.24E+18,2020-03-17 01:47:04+00:00,2224581823.0,thanks for the inspiration nando! ğŸš²ğŸ’™ https://t.co/29nedkajxb,,,,,,,,,,,,,,,,1,,,,,1
21,1.23E+18,2020-03-03 03:59:17+00:00,1546639022.0,?a.i.d.$ giving homosexual david bovvie is deadi hear the pure jew is $tigl fuÂ¢king after pope pius fo.r. his â„¢Â¢oncentratioon camp{â‚¬âˆ†},,1,,,,,,,,1,1,,1,,,,,1,,,
345,1.28E+18,2020-06-26 17:13:51+00:00,2528253098.0,my dad tried to surprise us and buy us jetskies for havasu and he said he went down to the place in banning and they were all sold out ğŸ˜‚ğŸ˜­ we love angelo ğŸ˜‚â¤ï¸,1,,,,,,,,,,,,,,1,1,,,,1,
770,1.31E+18,2020-09-13 06:17:26+00:00,1.00205E+18,naomi osaka pays tribute to kobe bryant following her us open win  https://t.co/ztblx7enoj,1,,,,,,,,,,,,,,,,,,,,
31,1.28E+18,2020-07-17 06:01:45+00:00,9.37202E+17,absolutely! but itâ€™s not going to work,,,,,,,,,,,,,,,,,,1,,,
325,1.25E+18,2020-04-15 04:26:13+00:00,61332082.0,"yes, youâ€™re right about that. the *frequency* of federal elections is set in the constitution (the house and 1/3 of the senate every 2 years, the president every 4).  the 20th amendment sets the end of congressâ€™ and the presidentâ€™s term in january (the 3rd and 20th respectively).",,,,,,,1,,,,,,,,,,,,,,1
657,1.23E+18,2020-02-11 03:21:54+00:00,70046515.0,the problem: women always go to the bathroom together.the solution: https://t.co/h0qdyjafko,,,,,,,,,,,,,,,,,,,,,
159,1.23E+18,2020-02-22 08:04:31+00:00,2281730617.0,i donâ€™t know why she told me that for but i made someone happy ğŸ˜Š and i made her day and she also told me can i get a free drink and i told her i can see,1,,,,,,,,,,,,,,1,1,1,,,,
390,1.25E+18,2020-04-01 21:45:27+00:00,8891042.0,why is it that whenever there's a deadline approaching &amp;/or that you're waiting on sources to get back to you that the urge to nap also rises? sometimes i really feel like i need to switch to coffee already.  aye dios mio.,,,,,,,,,,,,,1,,,,,1,,,
688,1.22E+18,2020-01-20 01:07:22+00:00,130233037.0,had a great time at a standing room meetup this past wed! see you next month! #meetup #cannabiscommunity #sccbig @ aeon botanika wellness https://t.co/fbghzvlq5g,,,,,1,,,,,,,1,,,1,,1,,,,
669,1.28E+18,2020-07-13 07:12:17+00:00,9.56715E+17," plz remember to pray during times of tribulation, fam ğŸ™ğŸ¿ğŸ’•ğŸ™ğŸ½",1,,,,,,,,1,,,,,,,1,,,,,1
233,1.24E+18,2020-03-09 04:10:32+00:00,1117970959.0,"grateful to be a woman + all the women in our lives + in this world ğŸŒ¸ğŸ™ğŸ¼ğŸ’—  may we continue to glow and love unconditionallyâœ¨we love each and every one of you xo #internationalwomensday @ manhattan beach, california https://t.co/6d0io4om2d",1,,,,1,,,,,,,,,,1,1,1,,,,
798,1.23E+18,2020-02-09 22:03:17+00:00,1340596500.0,#kobebryant #ripkobebryant #24 #8 #lakers #staplescenter #kobe #lakernation #la @ staples center https://t.co/qxbi5mximx,1,,,,,,,,,,,,,,,,,,1,,
252,1.22E+18,2020-01-20 02:51:20+00:00,2929078309.0, beautifully saidğŸ’œ#shineonâ˜€ï¸ğŸŒ,,,,,,,,,,,,,,,1,1,1,,,,
651,1.26E+18,2020-04-28 18:38:52+00:00,1.12839E+18,my resting bitch face is mistaken for the mean girl,,,,,,,,,,,1,,,,,,,,,,
26,1.34E+18,2020-12-27 23:51:11+00:00,1376065056.0,goff sucky thumb gameğŸ˜¤,,,,,,,,,,,1,,,,,,,,,,
289,1.29E+18,2020-08-01 23:08:24+00:00,4191239027.0,2307zn998sd county of riverside californian33.7985 w117.3814altitude: 2475ft https://t.co/cyguh6f6xk,,,,,,,,,,,,,,,,,,,,,
661,1.26E+18,2020-04-30 01:53:14+00:00,7.89639E+17,rolls royces are literally one of the worst cars ever itâ€™s just a fat 300c and somehow even slower,,,,,,,,,,,,,1,,,,,1,,,
180,1.32E+18,2020-11-04 06:49:26+00:00,7.46084E+17," honestly i havenâ€™t even met a tonfrom the two or so i have though, iâ€™d way more quickly say â€œsexyâ€ or even â€œcharismaticâ€ but not intelligent, at least not in some commonly thought of wayyouâ€™re attractive for example, youâ€™re prob aries ğŸ˜‚",,,,,,,,,,,,1,,,1,1,,,,,
434,1.26E+18,2020-04-30 18:16:54+00:00,32113781.0,we must be a voice for the voiceless!,1,,,,1,,,,,,,,,,,,,,,,
162,1.3E+18,2020-08-24 04:44:16+00:00,28913529.0,ready for labor day weekend ğŸ˜›ğŸ˜›,,,,,,,,,,,,1,,,1,,,,,,
745,1.25E+18,2020-04-04 02:10:46+00:00,1.15635E+18,iâ€™m taking so many sexy photos &amp; thirst traps after this quarantine ğŸ¤—ğŸ˜›,,,,,,,,,,,,1,,,1,,,,,,
330,1.3E+18,2020-08-24 01:04:27+00:00,14521762.0, for republicans latinos and blacks are expendables,,1,,1,,,,,,,1,,1,,,,,1,,,
174,1.26E+18,2020-05-25 17:57:37+00:00,1.14215E+18,starting on netflix... i hope itâ€™s good,,,,,,,,,,,,1,,,,,,,,,
363,1.34E+18,2020-12-24 16:30:57+00:00,2259473810.0,the fact that nobodyâ€™s gifts are wrapped lmao,,,,,,,,,,,,,,,1,,,,,,
526,1.24E+18,2020-03-15 06:53:20+00:00,1.0727E+18,i miss raven so much ğŸ¥ºğŸ¥º,,,,,,,,,,,,,,,,1,,,1,,
71,1.34E+18,2020-12-30 17:55:59+00:00,119540553.0, that turn is ğŸ¤®,,,,,,,,,,,,,1,,,,,,,,
480,1.22E+18,2020-01-30 23:00:30+00:00,61772051.0,another interesting #patents development.,,,,,,,,,,,,1,,,,,,,,,
776,1.22E+18,2020-01-28 05:38:55+00:00,1.00842E+18,kobe bryant ft. tyra banks - kobe [lyrics] https://t.co/qgv4ijuvp1 via,,,,,,,,,,,,,,,,,,,,,
806,1.3E+18,2020-09-11 00:53:51+00:00,45546421.0,literally says it all. #blacklivesmatter,,,1,,,,,,,,,,,,,,,,,,
62,1.26E+18,2020-05-06 00:35:35+00:00,39402350.0, i donâ€™t think the audience would be as big but it would definitely gather some fans. look at the wolverine podcast or even book recordings famous actors reading reading famous books. iâ€™ve heard people reading comic books on youtube .  doable !,,,,,,,,,,,,1,,,,,1,,,,
260,1.34E+18,2020-12-31 06:42:59+00:00,447309963.0,iâ€™m so sad... 2020 really is the worst year of my life,,,,,,,,,,,,,1,,,,,1,1,,
536,1.26E+18,2020-05-02 19:42:48+00:00,1.256E+18,again id sell my soul to see toopoor dj https://t.co/v6jytltqfi,,,,,,,,,,,,,,,,1,,,,,1
773,1.22E+18,2020-01-26 20:14:31+00:00,358296892.0,r.i.p. to a true g.o.a.t. ğŸ¤¦ğŸ½â€â™‚ï¸ #kobebryant #rip #losangeles #nba #tragic #badnews #greatestofalltime #cantbelieveit #letsplayball #lakers #whylord #2020 #nbadraft #legend #neverbeanotherâ€¦ https://t.co/f1rmdnf8dk,,,,,,,,,,,,,,,,1,,,1,,
175,1.23E+18,2020-02-21 20:12:17+00:00,8.68283E+17,...n0se appetizing company,,,,,,,,,,,,,,,,,,,,,
271,1.28E+18,2020-06-29 18:36:29+00:00,521928505.0, lmao same thing happened to me and i cried ğŸ˜‚ğŸ˜‚,,,,,,,,,,,,,,,1,,,,1,,
846,1.22E+18,2020-01-14 01:58:04+00:00,21394805.0, someone said this about biggie and bruh ğŸ˜‚,,,,,,,,,,,,,,,1,,,,,,
22,1.25E+18,2020-04-22 20:18:18+00:00,221947623.0,the hoe thoughts in quarantine are too damn much lol,,,,,,,,,,,,,1,,1,,,,,,
729,1.29E+18,2020-07-28 17:40:41+00:00,9.90168E+17,"because, using breitbart doctorsâ€™ logic, we can literally prove that more people with covid-19 recovered after drinking this than after taking hydroxychloroquine. https://t.co/rqf10v8msh",,,,,,,,,,,,,,,,,,,,,
178,1.22E+18,2020-01-26 21:18:16+00:00,1.13687E+18,i canâ€™t even believe this shit,,,,,,,,,,,,,1,,,,,,,1,
400,1.23E+18,2020-03-01 17:04:34+00:00,1.08739E+18,"the way gaga, doja, &amp; dua has started pop music for us this decade... gives me hope",,,,,,,,,,,,1,,,,1,1,,,,
393,1.3E+18,2020-08-20 18:29:30+00:00,23368393.0, i thought you were,,,,,,,,,,,,,,,,,,,,,
4,1.23E+18,2020-02-22 07:34:31+00:00,353375667.0, omg wth what a deuce,,,,,,,,,,,,,,,,,,,,1,
709,1.25E+18,2020-04-13 02:22:53+00:00,21914895.0, these are those â€œlow levelâ€ criminals being released to torment us. sad thing is the police probably took him to jail where he was quickly released back into the streets. itâ€™s sickening! ğŸ˜¡,,1,,,,,1,,,,1,,1,,,,,,1,,
396,1.25E+18,2020-04-11 19:58:55+00:00,1285162760.0,this season / episode package of america blows. not even a catchy mike post theme can help it.,,,,,,,,,,,,,1,,,,,1,,,
183,1.25E+18,2020-04-04 08:43:00+00:00,1.06945E+18,this is the funniest thing today! ğŸ˜­,,,,,,,,,,,,,,,1,,,,1,,
695,1.3E+18,2020-09-12 04:24:27+00:00,1396122516.0," itâ€™ll happen, we must continue to add listeners and take over",,,,,,,,,,,,1,,,,,1,,,,
50,1.29E+18,2020-08-15 23:57:15+00:00,874600686.0, the repairs aint worth it,,,,,,,,,,,,,,,,,,1,,,
476,1.22E+18,2020-02-02 17:54:46+00:00,1255951830.0, me too girl itâ€™s all good,,,,,,,,,,,,,,,,,1,,,,
485,1.21E+18,2020-01-07 11:21:57+00:00,1.02451E+18,how come those who stand up 42 reproductive rights aren't reproducing? if u want 2r be reproductive you must have babies tor do that. i don't know that's just me maybe i'm wrong. but if you want reproductive rights this country will give you all the right you want to have a baby,,,,1,,,,,,,,,,,,,,1,,,
106,1.34E+18,2020-12-31 00:03:28+00:00,72904301.0, heâ€™s a fuckboy...hahaha...,,,,,,,,,,,,,1,,1,,,,,,
517,1.27E+18,2020-06-16 21:11:31+00:00,42048593.0, another lie. trump always lies.,,,,1,,,,1,,,1,,1,,,,,1,,,
460,1.23E+18,2020-02-05 20:07:47+00:00,213277666.0,y'all in the new saw trailer chris rock is full zaddy mode. he looks damn sexy.,,,,,,,,,,,,,,,,1,,,,,
219,1.33E+18,2020-11-20 05:36:11+00:00,1442533153.0,"i unfollowed too many ppl, timeline be dry now ğŸ˜…",,,,,,,,,,,,,,,1,,,1,,,
322,1.34E+18,2020-12-23 20:06:51+00:00,44897078.0,some idiot probably flew there for thanksgiving,,,,,,,,,,,,,1,,,,,,,,
303,1.33E+18,2020-11-10 08:45:56+00:00,1408889839.0,need my back rubbed smh,,,,,,,,,,,,,,,,,,,,,
749,1.27E+18,2020-06-03 15:13:28+00:00,168769384.0,"on a side note, the coronavirus is literally laughing its microscopic ass off considering the amount of infenctions that are going to rise up in the coming weeks. lmao be safe, stay healthy, be human! ğŸ¤ŸğŸ½",1,,,,,,,,,,,,,1,1,,,1,,,
560,1.31E+18,2020-10-05 10:32:28+00:00,230070961.0,i wonder which costumes the yakusa group plan to wear this halloween... something in stripes? https://t.co/qdx3mbnbxo,,,,,,,,,,,,1,,,,,,,,,
576,1.33E+18,2020-11-13 08:24:15+00:00,28407739.0,bc someone (alejandra) doesnt know their place,,,,,,,,,,,,,,,,,,1,,,
466,1.24E+18,2020-03-16 23:55:27+00:00,9.62234E+17, i just pulled up to work,,,,,,,,,,,,,,,,,,,,,
64,1.28E+18,2020-07-06 11:02:57+00:00,104602193.0,repugnantkkkans culture  war to try to rewrite history. there will be no revision this time. change is coming.,,,,,,,,,,,,1,,,,,,,,,
840,1.22E+18,2020-01-29 20:39:25+00:00,1592302153.0, is so cute sis ğŸ’–,,,,,,,,,,,,,,,1,1,,,,,
475,1.29E+18,2020-07-22 05:39:32+00:00,2362243668.0, she also bought stocks in zoom when zoom was virtually unknown company,,,,,,,,,,,,,,,,,,,,,
118,1.31E+18,2020-10-08 18:03:02+00:00,22086087.0,once you let fear replace love hate is born because ppl fear what they think will hurt them and then they hate the supposed hurter,,1,,,,,,,,,,,1,1,1,,,,,,
718,1.25E+18,2020-04-15 15:55:47+00:00,49201075.0,hydrogen peroxide therapy- information and instruction with dr. mercola https://t.co/cmwj7zbbcw via    covid19,,,,,,,,,,,,,,,,,,,,,
674,1.33E+18,2020-11-23 17:31:51+00:00,32113781.0,but organized religions are not interested in peaceÂ â€“ they are interested in becoming more and more powerful and dominant. inside your soul is the way to god and the infinite freedom from all forms of oppression you seek. #earthcrisis #newplan #votethemallout,,,,,,,,1,1,,,,,,,,,1,,,
458,1.26E+18,2020-05-18 22:04:33+00:00,9.01989E+17,pro life activists are fighting to not wear masks while theyâ€™re killing the vulnerable without remorse. tell me why i shouldnâ€™t be allowed to have an abortion again?,,,,,,,,,,,,,,,,,,,,,
229,1.33E+18,2020-11-30 01:56:54+00:00,414594063.0,"happy birthday to one of the good guys!  i hope you have an amazing day,!  #gohawks #seahawks https://t.co/coqnmcofn5",1,,,,,,,,,,,1,,,1,1,,,,,
87,1.3E+18,2020-08-21 04:54:04+00:00,1.14625E+18,"whoo, iâ€™ve been so busy all day. iâ€™ve been drawing few storms lately. i really need to rest my hands (my drawing right hand ğŸ– to be extant) by putting them in a bowl of ice ğŸ§Š ğŸ§Š right now. my hands ğŸ¤² hurts. #tweet #express #gif #emotion https://t.co/u8ky5oyfwm",,,,,,,,,,,,,,,,,,,1,,
225,1.24E+18,2020-03-05 04:23:42+00:00,1.03336E+18,bless bless blessity bless bless *fart* bless me!,,,,,,,,,1,,,,,,,,,,,,
733,1.25E+18,2020-04-12 07:21:56+00:00,4518977788.0,quarantine making me have some bad attitude,,,,,,,,,,,,,,,,,,1,1,,
163,1.22E+18,2020-01-30 19:40:59+00:00,1.09406E+18,i told my mom letâ€™s go to in n out and iâ€™ll buy and this woman goes â€œletâ€™s get you a salad.â€ maâ€™am what????,,,,,,,,,,,,,,,,,,,1,1,
510,1.26E+18,2020-05-07 05:10:04+00:00,390560316.0, barnhill: â€œa private person may arrest an offender if the offense is committed in his presence or within his immediate knowledge.â€so this old white guy is ok with a citizens arrest ending in a murder? people need to not only investigate the ex-cops past work but his as well,,1,,,,,,1,,,1,,1,,,,,,,,
537,1.29E+18,2020-07-24 19:51:35+00:00,56216470.0, theyâ€™re amazing ğŸ˜­â¤ï¸ğŸ”¥,,,,,,,,,,,,,,,,1,,,1,,
296,1.24E+18,2020-03-22 03:02:31+00:00,2720013139.0,the last 3 days has made it for me to want to go home and stay there and not come back for a long long time,,,,,,,,,,,,,,,,,,1,1,,
530,1.26E+18,2020-05-16 03:09:58+00:00,2423875429.0,so whoâ€™s coming over to take shots w me during deorro https://t.co/0wbcw8ix3s,,,,,,,,,,,,,,,,,,,,,
419,1.3E+18,2020-09-03 18:00:55+00:00,488761943.0,the and student affairs departments are partnering to welcome all cultures to #thebeach https://t.co/mz6ycaosav,1,,1,,,,,,,,,1,,,,1,,,,,
574,1.23E+18,2020-02-27 20:53:36+00:00,7.82699E+17,"republicans gave us an authoritarian president who spits on our constitution and has deemed himself above the law.get rid of these traitors!!vote for a woman with integrity, courage, morals and honor. https://t.co/vbnbd7h2yo",,,1,,,1,,1,,,1,,1,,,,,,,,
266,1.27E+18,2020-06-03 14:07:14+00:00,1.00044E+18,am i still gonna see u next month or no,,,,,,,,,,,,1,,,,,,,,,
8,1.34E+18,2020-12-13 06:24:24+00:00,1.06397E+18, jimmy page - dazed and confused,,,,,,,,,,,,,,,,,,1,,,
668,1.23E+18,2020-02-06 21:54:34+00:00,8.92557E+17,"if you donâ€™t sin, then jesus died for nothing",,,,,,,,,,1,,,,,,,,,,,
566,1.33E+18,2020-11-07 17:48:33+00:00,364725160.0, please leave,,,,,,,,,,,,,,,,,,1,,,
610,1.25E+18,2020-04-07 00:31:06+00:00,155720430.0,"whatever suggestions biden gave, expect this administration to do the opposite.",,,,,,,,1,,,,,,,,,,1,,,
321,1.28E+18,2020-06-29 01:45:29+00:00,22062349.0, zbigniew preisner's requiem for a friend,,,,,,,,,,,,,,,,,,,,,
479,1.28E+18,2020-07-12 16:33:05+00:00,16602233.0,this! #economicjustice is #racialjustice!,,,1,,,,,,,,,,,,,,,,,,
504,1.33E+18,2020-11-24 20:09:35+00:00,61634106.0, so proud of what you are doing in georgia. you rock!,,,,,,,,,,,,,,,1,1,1,,,,1
554,1.22E+18,2020-02-04 21:08:56+00:00,553819609.0,ğŸ—£ï¸ğŸ—£ï¸ğŸ—£ï¸ i've been saying this !,,,,,,,,,,,,,,,,,,,,,
122,1.31E+18,2020-09-27 13:29:08+00:00,1414684496.0,"usgs reports a m1.12 earthquake, 7km nw of the geysers, ca on 9/27/20 @ 13:26:49 utc https://t.co/y4i16njq3q #earthquake",,,,,,,,,,,,,,,,,,,,,
165,1.25E+18,2020-04-01 02:56:57+00:00,342967955.0, maybe pink shoulda sold tp ğŸ¥´ğŸ˜‚,,,,,,,,,,,,,1,,,,,,,,
742,1.24E+18,2020-03-28 00:29:34+00:00,9.78039E+17,when this quarantine shit over imma fly you out to la and take you on a date ğŸ¥ºğŸ‘‰ğŸ¾ğŸ‘ˆğŸ¾,,,,,,,,,,,,1,,,,,,,1,,
452,1.26E+18,2020-05-18 14:21:58+00:00,432089019.0,my mom does this with me ğŸ¥ºğŸ¥º and then my kids come and ruin the moment ğŸ™„,,,,,,,,,,,,,1,,,,,,1,,
628,1.25E+18,2020-04-24 03:21:47+00:00,631632465.0,awww you look so amazing ğŸ¥° i hope to see you more in this season !â¤ï¸ #kuwtk,,,,,,,,,,,,1,,,1,1,,,,,
717,1.25E+18,2020-04-23 01:06:00+00:00,16632593.0, i believe it. #covidiots,,,,,,,,,,,,,,,,,,1,,,1
358,1.23E+18,2020-02-13 01:56:48+00:00,8.9218E+17,why are asian moms so weird i got a haircut and the first thing she does is smell my hair and then say â€œwow $6â€,,,,,,,,,,,,,,,,,,1,,1,
605,1.29E+18,2020-08-07 19:55:51+00:00,7.02738E+17,"those were missiles no firework can do that much damage, this was an attack folks. plain and simple",,1,,,,,,,,,,,,,,,,,,,
471,1.25E+18,2020-04-26 17:11:07+00:00,1591722020.0,new episode of mel's news is up on my youtube channel! meme of the day! #memes #news #fashionblogger #melsnews #sports #worldnews #meme #currentevents #acting #film #host #music #funny #entertainment #entertainerâ€¦ https://t.co/gijqjtinim,,,,,,,,,,,,,,,1,,,,,,
541,1.22E+18,2020-01-15 05:40:43+00:00,1.08761E+18,"trynna be some you ainâ€™t , you ainâ€™t gon make it far",,,,,,,,,,,,,,,,,,1,,,
101,1.32E+18,2020-10-27 00:37:10+00:00,1874086538.0, aw itâ€™s only gonna be on soundcloud because i used samples from lord of the rings. lol,,,,,,,,,,,,,,,1,,,,,,
276,1.26E+18,2020-04-29 16:14:17+00:00,20688337.0,i ainâ€™t mad at this. https://t.co/15u8lke7or,,,,,,,,,,,,,,,,,,,,,
625,1.28E+18,2020-07-02 08:11:57+00:00,8.47677E+17,my kids will have the most versatile music taste ever. unless they not fucking with my swag then its #fuckdemkids,,1,,,,,,,,,,,,,,,,1,,,
304,1.25E+18,2020-04-15 05:02:22+00:00,60397903.0,iâ€™ve been in my feels all day! its been a tough day yâ€™all so just had to tweet it out loud! ğŸ’œ,,,,,,,,,,,,,,,,,,,1,,
182,1.23E+18,2020-03-03 03:02:40+00:00,191596003.0,"strong, fearless, inclusive, friend. https://t.co/mdjr6ist1i",,,,,,,,,,,,,,,,,1,,,,
532,1.31E+18,2020-09-21 20:55:20+00:00,8.82031E+17, isnâ€™t it up to the students ( minority or not) to earn their degree and become teachers ???! iâ€™m seriously concerned for this world when stupid statements like the one you wrote become the norm,,,1,,,,,,,,1,,1,,,,,1,,,
138,1.27E+18,2020-06-02 20:18:31+00:00,1885108448.0,some ugly karen from hb just said sheâ€™d beat my ass cause i said â€œdelete these posts itâ€™s flooding the tl and pushing down important info â£ï¸â£ï¸â€ or at least add some information haha,,1,,,,,,,,,,,1,,,1,,,,,
758,1.24E+18,2020-03-17 23:58:51+00:00,89559995.0,â€œto our millennials... they are the core group that will stop this virus.â€ â€” dr. deborah birx (coronavirus task force)â€œiâ€™m on â€˜coronacationâ€™!â€ â€” one of my students ğŸ¤”ğŸ¤”ğŸ¤”,,,,,,,,,,,,1,,,,,1,1,,,
305,1.27E+18,2020-05-28 02:03:28+00:00,2185420603.0," the video is on my ig story. my bad, sorry for the confusion. my instagram is ğŸ¤ª",,,,,,,,,,,,,,,,,,,1,,
339,1.26E+18,2020-05-14 23:04:57+00:00,14879434.0,oh wow. this is pretty amazing.,,,,,,,,,,,,,,,,1,,,,1,
539,1.34E+18,2020-12-08 08:27:37+00:00,427210877.0,for the cable-deprived among us.,,,,,,,,,,,,,,,,,,,,,
274,1.32E+18,2020-10-29 23:15:47+00:00,239150768.0,am i doing this right?? ğŸ¤¡ https://t.co/3khik7ckvb,,,,,,,,,,,,,,,,,,,,,
544,1.22E+18,2020-01-31 21:30:13+00:00,29903031.0,"also, ty to all the folks who reached out to me. iâ€™m fine, just kinda salty in solidarity of colleagues across this industry. so, iâ€™m off olive garden to go load up on breadsticks",1,,,,,,,,,,,,,,,,,,1,,
125,1.24E+18,2020-03-07 00:17:01+00:00,428806574.0,bro i need you to stay indoors before they come at you with a 3 month contract. theyâ€™re shooting at everyone,1,,,,,,,,,,,,,,,,,1,,,
249,1.34E+18,2020-12-13 23:37:21+00:00,3150328152.0,my babies ğŸ¥º ğŸ’–ğŸ’– https://t.co/7acqivpcgw,,,,,,,,,,,,,,,,1,,,,,
484,1.3E+18,2020-08-19 04:42:00+00:00,8.93555E+17, i beg to differ...you are meaningless! steve is respected for the truth . you sir will be gone and he will always be there to tell the truth!,,,,,,,,,,,1,,1,,,,,,,,1
825,1.29E+18,2020-07-20 06:25:14+00:00,3119955028.0, global left? ğŸ¤£ğŸ¤£ğŸ¤£the left is being sanctioned by the us. they're currently being snached up the street by unidentifiable unmarked federal us officers while protesting.,,,,,,,,1,,,,,,,1,,,1,,,
157,1.25E+18,2020-04-18 08:39:57+00:00,169730721.0, the other day my friend and i did a quad. two of each. amazing,,,,,,,,,,,,,,,1,,,,,,
374,1.25E+18,2020-04-17 01:46:16+00:00,7.5016E+17,"you have done your duty and left a tremendous impact on us all, we will always remember ğŸ™ forever rest in peace captain flores https://t.co/499xzrdj8q",,,,,,,,,1,,,,,,,1,,,1,,
593,1.31E+18,2020-09-20 04:15:07+00:00,1.21298E+18,i break up with my ex only to have his twin with me every second same personality she doesnâ€™t even like pickles itâ€™s so weird how your kid can be so much alike their parent,,,,,,,,,,,,,,,,,,,,1,
349,1.25E+18,2020-04-01 20:24:24+00:00,93941912.0,"""where did you guys meet?""""christian mingleâ€¦""",,,,,,,,,,,1,,1,,,,,,,,
437,1.28E+18,2020-07-01 20:53:49+00:00,7.55953E+17,"you are the last person on earth who should be critiquing anyoneâ€™s performance.  130,000 you moron.",,,,,,,,,,,,,,,,,,,,,
512,1.24E+18,2020-03-06 21:33:15+00:00,9.73107E+17,under review means theyâ€™re not going to do shit to the officers because they protect their own and keep beating up people of color because they bored &amp; racist. ğŸ˜¡,,1,,1,,,,1,,,1,,1,,,,,,,,
151,1.32E+18,2020-10-30 06:23:14+00:00,7.53011E+17, it was so powerful and wild and such a vibe and i feel i captured that moment perfectly through music and it's like....it's very obviously a song meant to just empower you with fantasy and sexual prowess. so honey...own him while ur playing fall into me ğŸ’•,,,,,,,,,,,,,,,1,1,,,,,
765,1.22E+18,2020-01-27 03:23:10+00:00,1851634555.0,for tuesdayâ€™s game between the clippers and lakers.. pretty much 1000 dollars for the top level at staples center.. just shows how much kobe was loved and respected in la.. ğŸ™ğŸ¼ğŸ https://t.co/2abzjoh5rn,,,,,,,,,,,,,,,,1,,,,,
556,1.21E+18,2020-01-03 07:47:39+00:00,1536914262.0, at coachella are you kidding me life is a dream rn,,,,,,,,,,,,,,,1,1,,,,,
27,1.22E+18,2020-01-21 10:04:14+00:00,1027781965.0,i hate the fact that iâ€™m up so late for no reason the day before a test,,,,,,,,,,,1,,1,,,,,1,,,
72,1.22E+18,2020-01-31 14:31:47+00:00,372814412.0,that moment youâ€™re staring at perfection in the eye... #adorable #mylove #myamerica #mycolombianqueen #colombiangoddess  #latinqueen #mybestfriend #mylove #virgocancerlove @ in my heart https://t.co/5jarhoxsbi,,,,,,,,,,,,,,,1,1,,,,,
320,1.28E+18,2020-07-10 20:24:48+00:00,416068682.0, no more tax exempt status for churches. nope nope nope!!!,,,,,,,,,,,1,,1,,,,,,,,
656,1.23E+18,2020-02-28 17:44:24+00:00,2995492291.0, is there a presale code?,,,,,,,,,,,,,,,,,,,,,
149,1.33E+18,2020-11-16 19:06:47+00:00,1.14733E+18, thank you beautiful â¤ï¸,,,,,,,,,,,,,,,,1,,,,,
816,1.3E+18,2020-09-05 09:56:13+00:00,1.29377E+18,more blm peaceful protesting.#blmantifaterroriststhugs,,,1,,,,,1,,,,1,,,,,,,,,
86,1.29E+18,2020-08-01 01:03:13+00:00,50971934.0,i literally have 0 clue what borderlands 3 is about cause you made us skip every cutscene.,,,,,,,,,,,,,1,,,,,,1,,
567,1.29E+18,2020-08-06 19:15:58+00:00,532241456.0," itâ€™s interesting how racialization persists despite various ethnicizing efforts, including the strategy of adding â€œ-americanâ€ to group labels; racist ideologies distinguishing culturally â€œdiverseâ€ latinxs from undifferentiated african americans reflect some of these tensions",,,,1,,,,,,,,,,,,,,,,,
636,1.24E+18,2020-03-15 04:14:48+00:00,3277134026.0," being that the state with the worst air quality in the country, mine, is run by democrats &amp; fracking increazed exponentially under obama, &amp; gov brown allowed fracking companies to dumb their wastewater in our aquifers during a drought...ğŸ¤·â€â™€ï¸",,1,,,,,,1,,,1,,1,,,,,1,,,
167,1.28E+18,2020-06-27 21:46:16+00:00,66866138.0,"quantum lcsa team is no longer good if they lose to clg, but they are default good until then.",,,,,,,,,,,,,,,,,,1,,,
211,1.28E+18,2020-07-09 02:26:28+00:00,2332356278.0,done https://t.co/haj1eygyzf,,,,,,,,,,,,,,,,,,,,,
44,1.27E+18,2020-06-06 19:49:41+00:00,1975452132.0,"everyone experiences their first #aidslifecycle differently; i got to experience it virtually from home and to be honest, i was devastated that i wasn't going to be able to ride from sf to la. all the training milesâ€¦ https://t.co/mvlxuzj3n2",,,,,,,,,,,,,,1,,,,,1,,
287,1.23E+18,2020-02-26 04:22:58+00:00,449269944.0,stepping stone by duffy ğŸ¶ğŸµ,,,,,,,,,,,,,,,,,,,,,
335,1.23E+18,2020-02-07 17:14:45+00:00,1.22338E+18,"hey what service you got, because my cellphone bill the same price and all my friends act surprised",,,,,,,,,,,,,,,,,,,,1,
94,1.28E+18,2020-07-12 15:19:05+00:00,94434688.0, we need to chop it up ğŸ’¯,,,,,,,,,,,,,,,,,,,,,
348,1.28E+18,2020-06-22 14:41:18+00:00,4772461044.0,iâ€™m surprise i didnâ€™t have bad guy on my apple music added to my song list... ğŸ¤¯,,,,,,,,,,,,,,,,,,,,1,
678,1.27E+18,2020-06-16 15:50:57+00:00,827498911.0,"minnesota congresswoman ilhan omar announced that her father has died due to complications from covid-19. may god rest his soul, i mean that. it has to be a super hard time for her, but then she can always fall back on her brother-in-husband for moral support.",1,,,,,,,,1,,,,,,,,,,1,,
401,1.27E+18,2020-06-11 06:02:27+00:00,65758778.0,lol the first guy that serenades me like this iâ€™m marrying! lol iâ€™m so serious try me! ğŸ¤£ğŸ˜‚â¤ï¸â¤ï¸â¤ï¸jamie foxx serenades serena williams at the espy awards - tennis ball https://t.co/buyus0bq5s via,,,,,,,,,,,,1,,,1,1,,,,,
89,1.24E+18,2020-03-28 23:42:10+00:00,171210931.0, welcome to the rest of the country.  trump is  still trying to keep numbers down out of pure narcissism. screwing the lives of americans.,,1,,,,,,1,,,1,,1,,,,,1,,,
490,1.22E+18,2020-01-13 18:26:47+00:00,119778127.0,"#truth another study adds to the growing body of evidence of #fluoride toxicity, shedding light on how it potentially contributes to degenerative eye diseases. findings like this once again putâ€¦ https://t.co/g8pwwh5u2a",,1,,,,,,,,,,,,,,,,,,,
324,1.26E+18,2020-04-29 19:14:05+00:00,3051434809.0,definitely donâ€™t mean no shit like this. wtf lmao,,,,,,,,,,,,,,,1,,,,,1,
41,1.23E+18,2020-02-28 19:08:50+00:00,24845356.0, that date just threw me back to our old cmhs days .. whew! crazy how time has passed and seeing where people are today âœ¨,,,,,,,,,,,,,,,,,,,,1,
649,1.34E+18,2020-12-22 23:42:46+00:00,238090798.0, it's not working,,,,,,,,,,,,,,,,,,1,,,
353,1.27E+18,2020-05-27 22:45:01+00:00,8.64155E+17,gal jensen wife laughing ğŸ˜‚ so hard(wors(er ğŸ“¸)e harder darker all the same same same dame drill (down) d) as burke only adds love â¤ï¸ after zayin no matter what as his only two care-taking compassion sympathy protect care-taking two _two_ -lioness gal j,1,,,,,,,,,,,,,,1,1,,,,,
290,1.22E+18,2020-01-14 05:06:48+00:00,1.14962E+18,brooo they show more of taskmaster!!!!!! he looks amazing,,,,,,,,,,,,,,,1,1,,,,,
746,1.24E+18,2020-03-24 22:18:05+00:00,1.06318E+18,quarantine day 10 mood board https://t.co/hvr9die91y,,,,,,,,,,,,,1,,,,,1,,,
690,1.3E+18,2020-08-19 22:51:50+00:00,3385139536.0,i really moved to california to live amongst the gila monsters but i guess i should have done my research first bc they actually prefer red states,,,,1,,,,,,,,,,,,,,1,,,
193,1.22E+18,2020-01-28 15:56:44+00:00,1885057843.0,"3 years with my best friend today!!thank you, for being you, tati. ilysm. ğŸ’™ https://t.co/xxhc4qf5qb",,,,,,,,,,,,,,,1,1,,,,,1
420,1.26E+18,2020-05-09 21:33:05+00:00,174483668.0,cause mfâ€™s need likes and retweets to survive,,,,,,,,,,,,,,,,,,,,,
792,1.22E+18,2020-01-26 19:44:58+00:00,233438288.0,please no not no no no!!!!,,,,,,,,,,,,,1,,,,,1,,,
488,1.25E+18,2020-04-21 20:14:49+00:00,3146029997.0,we get to choose what works for us.,,,1,,,,,,,,,,,,,,1,,,,
800,1.27E+18,2020-06-17 03:19:21+00:00,39784676.0,"when i was a kid my friends and i would intentionally get the cops to chase us for fun. if thatâ€™s not privilege, i donâ€™t know what is. #whiteprivelege #blacklivesmatter",,1,,1,,,,,,,,,1,,,,,1,,,
134,1.31E+18,2020-10-01 04:06:26+00:00,9.18035E+17, picking the lesser of two evils is still choosing evil. that sounds like insanity to me but yall got it ğŸ¤£ (not really).,,,,,,,,,,,,,1,,1,,,1,,,
470,1.25E+18,2020-04-05 07:40:48+00:00,4191239027.0,0740zn668pd los angeles police dept air support divisionsquawk: 1200n34.0598 w118.2880altitude: 975ftcourse: 300Âºgroundspeed: 113kts https://t.co/eevex9kyzd,,,,,,,,,,,,,,,,,,,,,
385,1.25E+18,2020-04-02 00:54:18+00:00,1409080423.0,should i drink today ?? one yes and iâ€™ll go buy alcohol,,,,,,,,,,,,1,,,,,,,,,
435,1.24E+18,2020-03-08 10:00:35+00:00,3163398199.0,white people cant dance for shit,,,,1,,,,,,,1,,1,,,,,,,,
429,1.23E+18,2020-02-21 00:04:22+00:00,755377897.0,can you do this on the mobile game? asking for myself,,,,,,,,,,,,,,,,,,,,,
691,1.27E+18,2020-06-08 10:05:13+00:00,846945457.0, you're cool. don't worry. some people don't have good taste or a sense of humor.,1,,,,,,,,,,,,,,,,,1,,,
350,1.28E+18,2020-07-16 19:40:17+00:00,136400252.0,another day another shit cop.did this man say â€œiâ€™m a specimenâ€? tf does that even mean,,,,,,,,1,,,1,,1,,,,,,,,
173,1.26E+18,2020-05-24 22:42:22+00:00,517259984.0, see you guys in july ğŸ˜€ğŸ˜€ğŸ˜€ğŸ˜€!!!,,,,,,,,,,,,1,,,1,,,,,,
213,1.28E+18,2020-06-26 17:15:44+00:00,34300540.0,here's a deep one https://t.co/pp3rre6gn3,,,,,,,,,,,,,,,,,,,,,
787,1.22E+18,2020-01-26 20:09:15+00:00,29166383.0,"iâ€™m not a basketball fan, but i was born and raised in la and grew up watching this man become one of the greatest to touch a ball in my lifetime. i canâ€™t believe the news. la hurts in a way that only laâ€¦ https://t.co/d5grfffbll",,,,,,,,,,,,,,,,1,,,1,1,
56,1.24E+18,2020-03-08 22:06:57+00:00,158022244.0,"contemplating moving to tucson to make $66,000 a year. ğŸ¤”",,,,,,,,,,,,1,,,,,,,,,
569,1.26E+18,2020-05-16 20:30:09+00:00,84055244.0, iâ€™m the one who grabs the gun,,,,,,,,,,,,,,,,,,,,,
445,1.31E+18,2020-10-04 22:48:56+00:00,727392756.0,"itâ€™s just the saddest thing ever.these people canâ€™t even see their families, heartbreaking.",1,,,,,,,,,,,,,,,,,,1,,
293,1.31E+18,2020-10-01 01:13:04+00:00,1.07585E+18,"all i want rn is to focus on me ! no more looking for someone  , todo a su tiempo â˜ºï¸",,,,,,,,,,,,1,,,,,,,,,
607,1.25E+18,2020-04-28 03:55:34+00:00,20486615.0, the marvelous mrs. maisel ğŸ’•,,,,,,,,,,,,,,,,1,,,,,
295,1.3E+18,2020-08-16 18:27:03+00:00,1.1637E+18,sooooo i had a dream last night and now iâ€™m really questioning my sexuality ğŸ˜‚like... i may not be straight,,,,,,,,,,,,,,,,,,1,,,
622,1.31E+18,2020-10-03 03:11:41+00:00,107123086.0,"yo green, stop shooting smh",,,,,,,,,,,1,,1,,,,,1,,,
468,1.25E+18,2020-04-14 06:56:23+00:00,30967721.0,scott is one of my top male superheroes and i just idk i need the perfect cast. and i donâ€™t event know who that is tbh. https://t.co/4amazpnnko,,,,,,,,,,,,,,,,1,,1,,,
29,1.24E+18,2020-03-24 04:26:36+00:00,1619534161.0,"i will never get tired of watching, diary of a mad black woman ğŸ’“",,,,,,,,,,,,,,,,1,,,,,1
693,1.22E+18,2020-01-16 23:12:06+00:00,772427802.0, i love watching movies by myself too. screw em.,,,,,,,,,,,1,,,,,1,,,,,
747,1.25E+18,2020-04-01 18:42:23+00:00,7221022.0,"scenes from a neighborhood gem, the echo park lake on a weekend. i wish runners were more careful with social distancing, but everyone else was respecting it.â†’ https://t.co/3rvjttdjou#socialdistancing #losangeleslockdown #quarantinelife #saferathome #covidãƒ¼19 #echopark https://t.co/kuztdomfvu",1,,,,,,,,,,,1,,,,,,1,,,
238,1.23E+18,2020-02-15 21:06:43+00:00,8.36241E+17," it's the challenge of making it out of the town as the winner. yeah, the loot is bad, but when you come out on top from ss it's a mini win. at least to me.",,,,,,,,,,,,,,,,,,1,,,
596,1.23E+18,2020-02-22 00:54:53+00:00,2843995198.0,"they donâ€™t have carne asada fries, i hate it hereeeeeee",,,,,,,,,,,1,,1,,,,,,,,
244,1.22E+18,2020-02-03 09:45:54+00:00,39426309.0,"letâ€™s be honest, a lot more of you than just thought the chiefs were from the state of kansas #superbowl",,,,,,,,,,,,,,,,,,1,,,
602,1.34E+18,2020-12-13 17:42:14+00:00,41227941.0, congrats! ğŸ¥•ğŸš€,,,,,,,,,,,,,,,1,1,,,,,
425,1.27E+18,2020-06-03 14:34:11+00:00,69146428.0,they think we won't see them...,,,,,,,,,,,,,,,,,,1,,,
810,1.33E+18,2020-11-17 05:04:44+00:00,9.18273E+17,itâ€™s always a good night when pigs ğŸ· and the wives/groupies ğŸ¤¡ watch your stories but have their accounts. ğŸ˜‚ god forbid i figure out their addresses. #defundthepolice #prosecutekillercops #carenotcops #fuckgarcetti #firechiefmoore #homesnotzones #cancelrent #blacklivesmatter,,1,,,,,,1,,,1,,1,,,,,,,,
158,1.27E+18,2020-06-21 19:34:16+00:00,1520578292.0,but happy fatherâ€™s day to you all!!!,,,,,,,,,,,,,,,1,,,,,,
822,1.27E+18,2020-05-30 21:58:34+00:00,1.00525E+18, is really hands on. sheâ€™s really out there at the protest.,,,,,,,,1,,,,,,,,,,,,1,
123,1.28E+18,2020-07-02 18:10:35+00:00,27999951.0," this woman is hysterical, she shouldn't have a gun. she can't control herself. i thought she was going to shoot them, when she moved to the back of the van screaming in terror when she's the one pointing the gun at them. #whiteprivilegeisreal",,1,,1,,,,,,,,,,1,,,,1,,,
779,1.22E+18,2020-01-27 18:17:39+00:00,510834581.0,if youâ€™re not wearing lakers gear and listening to lil wayneâ€™s â€œkobe bryantâ€ what are you even fucking doing,,,,,,,,,,,1,,,,,,,,1,,
323,1.22E+18,2020-02-04 15:14:13+00:00,17617227.0,kobe bryant was one of the greatest basketball players ever but he enjoyed mentoring players in other sports. he spoke to several nfl teams and took a number of nfl players under his wing over the years. i talked to a few of those players about his impact during #superbowl week. https://t.co/zplkmjbsg9,,,,,,,,,,,,,,,,1,,,,,1
771,1.3E+18,2020-09-13 02:58:10+00:00,129717550.0,lakers went 8-2 kobe &amp; gigi are everywhere with this team ğŸ˜Œ,,,,,,,,,,,,,,,1,,,,,,
313,1.25E+18,2020-04-02 10:07:16+00:00,7.12485E+17,my parents get annoyed w me at mexico cuz all i b doin is getting dogs to follow us home ğŸ¤£i be buying them tortas n shit ğŸ˜Œ,,,,,,,,,,,,,1,,1,,,,,,
81,1.29E+18,2020-08-03 07:52:29+00:00,3864687866.0, the â€œmamacitaâ€ onâ€™s nanny doesnâ€™t flatter her! doesnâ€™t make sense! just saying.....,,,,,,,,,,,,,1,,,,,1,,,
710,1.22E+18,2020-01-19 22:45:18+00:00,32352346.0,"she is real disrespectful, disgusting, ignorant. iâ€™m so sorry! glad her ass is locked up where she needs to be!! https://t.co/ytfcnb8sv7",,,,,,,,,,,1,,1,,1,,,,,,
486,1.3E+18,2020-09-12 05:36:27+00:00,122889863.0,can someone pls lmk if iâ€™m doing this righthttps://t.co/f030vpezf7 https://t.co/uyztho5aa3,,,,,,,,,,,,,,,,,,,,,
590,1.27E+18,2020-06-16 14:43:35+00:00,46213956.0,"â€œthe struggle continues to build an america where black people can breathe, one where we do not need white people to validate our demand to do so.â€ my cover story for julyâ€™s issue of, on the meaning of â€œblack lives matterâ€ in todayâ€™s america. https://t.co/k0mbfoowql https://t.co/g7aiyxqyxk",,,,1,,,,,,,,,,,,,,1,,,
361,1.24E+18,2020-03-29 21:59:26+00:00,9.23216E+17, oh please.   start educating yourself.  there is information that is reliable that does not support your position.   want to be safe?  go with science.  go with facts.  itâ€™s that simple.,1,,,,,,,,,,1,,,,,,,,,,
527,1.25E+18,2020-04-13 05:29:33+00:00,1676941554.0, love and hugs back! ğŸ’œxox,,,,,,,,,,,,,,,,1,,,,,
706,1.27E+18,2020-05-30 05:32:44+00:00,38066468.0,liquor just makes everything worst,,,,,,,,,,,,,1,,,,,,,,
615,1.25E+18,2020-04-04 23:34:28+00:00,1.17394E+18, i should been the director of last a year (it requires an agile leader who can process heavy volumes of soft data to gist). however as an general i may have a chair waiting for me with the working for the with if not i am,,,,,,,,,,,,1,,,,,,1,,,
376,1.21E+18,2020-01-04 17:42:10+00:00,1706101310.0,"well, people trust natalie and if she collaborates with other people, she is legitimizing them. people trust her so why wouldn't they assume buck is a positive person as well? i don't think the call out was unnecessary, even though i feel quite similarly about buck",,,,,,,,,,,,,,,,,,1,,,1
836,1.23E+18,2020-02-28 15:45:03+00:00,9.40717E+17,hello baby your dad is here give out money for valentine's gifts  good morning how was your night  i don't mind if i can been your sugar daddyÂ  promise to spoil you with cash 50$ per day that will be 300$ weekly  text me back or on my mobile(707)797-0098,1,,,,,,,,,,,1,,,,1,,,,,
653,1.29E+18,2020-08-08 21:20:14+00:00,8.03831E+17, weho trump rally!!!  me in blue!!! https://t.co/vjiedrzvui,,,,,,,1,,,,,,,,,,,,,,
754,1.23E+18,2020-03-03 14:06:23+00:00,17176190.0,bay area coronavirus cases quadruple in four days as testing ramps up https://t.co/lkxybzhyhw via,,,,,,,,,,,,,,1,,,,1,,,
137,1.29E+18,2020-08-10 04:07:34+00:00,157048146.0,you up the burner up on someone better be ready to use it dumbass nigga got himself killed,,1,,,,,,,,,1,,,,,,,,,,
675,1.21E+18,2020-01-05 18:33:51+00:00,277997040.0,"everything that happens to us is used by god to do his primary work in us, to make us like jesus.we cannot be separate; we need each other; we need the church; together we reflect jesus to one another and to the world. #missionssunday at https://t.co/my7bbhpq6j",1,,,,1,,,,1,,,,,,,1,,,,,
507,1.25E+18,2020-04-10 22:21:07+00:00,9.58159E+17,"illegal aliens donâ€™t deserve relief monies.  in many cases, they donâ€™t pay taxes. they also have used community services to the point where they owe us money.  plus, they get free healthcare.  who pays for that? we do, of course!  americans are sick of democrats putting them 1st!",,,,1,,,,,,,1,,1,,,,,1,,,
410,1.34E+18,2020-12-14 07:29:11+00:00,16154135.0,"coming from generations of unhealthy mother-daughter relationships, its so important to me to have a great relationship with my daughter. the fact that our bond is so strong just makes me so grateful for every day that i get to spend with her. i feel rich!",1,,,,,,,,,,,,,,1,1,1,,,,1
52,1.32E+18,2020-10-23 15:18:58+00:00,2957796468.0, too hard a question...,,,,,,,,,,,,,,,,,,1,,,
601,1.33E+18,2020-12-03 18:30:29+00:00,246125636.0,"i have officially binge watched every season of the real housewives over quarantine, and this is what i have to say. if there are any plastic surgeons that are single and looking, hello, my nameâ€™s mike, and i want to be  heather dubrow",,,,,,,,,,,,1,,,,,,,,,
269,1.32E+18,2020-11-04 05:18:36+00:00,14977857.0, the sad part is that all three states still is red as of tonight. so sad nothing really changed since aughty. ğŸ¥º,,,,,,,,,,,,,,,,,,1,1,,
509,1.24E+18,2020-03-08 15:41:33+00:00,1.18051E+18,and the only reason she told me is cause he cheated on her in their affair lmao,,,,1,,,,,,,,,,,1,,,,,,
573,1.28E+18,2020-07-19 16:37:41+00:00,870018115.0,how is that possible that ny is a model ? did fauci forget ny governors executive order to force nursing homes to accept covid positive patients or lose their funding ? this statement by fauci disqualifies fauci as a neutral expert if he canâ€™t acknowledge this point,,,,1,,,,,,,1,,1,,,,,1,,,
47,1.31E+18,2020-09-17 20:24:11+00:00,300572970.0,just posted a photo @ hollywood https://t.co/mmb4li5lti,,,,,,,,,,,,,,,,,,,,,
39,1.26E+18,2020-05-05 02:17:53+00:00,2332705602.0,my 3 year old daughter told me today she wants me to buy her a real light saber so she can smack me in the face with it...i donâ€™t think thatâ€™s how the â€˜real onesâ€™ work.,,,,,,,,,,,,,,,,,,1,,,
272,1.25E+18,2020-04-18 01:27:37+00:00,4785307370.0,im lowkey about to cry,,,,,,,,,,,,,,,,,,,1,,
258,1.31E+18,2020-09-19 02:35:43+00:00,250320073.0,closed for fire in #butte on ca-162 both eb/wb at forbestown rd and foreman crk rd #traffic https://t.co/c3uk72lakz,,,,,,,,,,,,,,,,,,,,,
377,1.31E+18,2020-09-15 01:55:23+00:00,20900961.0,he's the best human being,,,,,,,,,,,,,,,,1,,,,,1
341,1.3E+18,2020-08-31 06:40:17+00:00,20688337.0,"thatâ€™s 2012, the one i just watched!",,,,,,,,,,,,,,,,,,,,,
285,1.27E+18,2020-05-28 18:43:30+00:00,517254166.0,the one time the wizarding world of harry potter is allowing non-potter themed markings ğŸ˜±,,,,,,,,,,,,,,,,,,,,1,
329,1.24E+18,2020-03-16 17:41:10+00:00,169597998.0,yo! we still fuckin shit up on april right? this fuckin virus aint gnna stop us!  #6feetunder,1,,,,,,,,,,1,,1,,,,,,,,
761,1.24E+18,2020-03-17 18:45:01+00:00,1072939466.0,"i'm just gonna leave this here.. if you get it, you get it...this is the #coronavirus situation https://t.co/vai3wsms7n",,,,,,,,,,,,,,,,,,1,,,
418,1.22E+18,2020-02-02 16:21:37+00:00,29045925.0,iâ€™m safe cuz i do it in my regular voice.,,,,,,,,,,,,,,,,,1,,,,
775,1.22E+18,2020-01-26 21:07:03+00:00,2588009952.0,"you know whatâ€™s crazy, a couple days ago a kid in the store yelled out â€œkobeâ€ and it made me so happy bc he was living through other generations and now this happens. rip to all in that helicopter",,,,,,,,,,,,,,,1,1,,,1,,
77,1.31E+18,2020-10-10 15:14:44+00:00,38368980.0,"this, too, shall pass. everything is temporary. #youwillsmileagain #mentalhealthday #friendship #family #love @ los angeles, california https://t.co/qqk6y6rgc6",1,,,,,,,,,,,1,,,,1,1,,,,
143,1.25E+18,2020-04-15 21:56:59+00:00,4191239027.0,2156zn662pd lapd air support divisionsquawk: 245n34.0300 w118.3215altitude: 400ftcourse: 163Âºgroundspeed: 39kts https://t.co/4vjp7vkaoc,,,,,,,,,,,,,,,,,,,,,
762,1.25E+18,2020-04-06 16:39:52+00:00,2323448533.0,"known coronavirus cases in u.s. :349,992deaths:10,327that is one hell of a contained democrat hoax with 15 cases going to soon be zero.",,,,1,,,,,,,1,,1,1,,,,,,,
68,1.24E+18,2020-03-26 20:54:05+00:00,26360584.0,"apologies to fionaâ€™s tidal, beatles please, please me, the miseducation of lauryn hill, come away with me - norah jones, hybrid theory by linkin park, pieces of you by jewel and are you experienced by the jimi hendrix experience. other debut albums i loooove. https://t.co/blrcpyi40y",,,,,,,,,,,,,,,,1,,,,,
221,1.29E+18,2020-08-01 02:02:55+00:00,1.01817E+18,"i just updated my tours on my trystna profile! catch me in #lasvegas, #sanjose, and #sanfrancisco soon. to pre-book, visit https://t.co/hl8eq7dghm#onlyfansgirl ğŸ‘‡ğŸ»https://t.co/t07tq0u3tkrt4rt ğŸ’‹",,,,,,,,,,,,1,,,,,,,,,
841,1.23E+18,2020-02-08 03:35:11+00:00,8.74099E+17,my husband asked what i wanted for valentineâ€™s day and i told him i wanted a card that pours out his love for me . i honestly canâ€™t wait ğŸ˜­ğŸ’–,,,,,,,,,,,,1,,,,1,,,,,
438,1.32E+18,2020-10-20 15:20:31+00:00,1.2501E+18,"me: hi i was recently called from this numberhim: nope sorry impossible fuck off, have a nice dayme: oh okay",,,,,,,,,,,1,,1,,,,,1,,,
514,1.33E+18,2020-11-17 03:55:48+00:00,1.05048E+18, lockdowns seem to be coordinated efforts by dems to distract from voter fraud allegations that will land biden &amp; crew in jail,,,,1,,,,1,,,1,,1,,,,,,,,
464,1.33E+18,2020-11-24 15:46:47+00:00,1.21362E+18,name that scene?  #seancody,,,,,,,,,,,,,,,,,,,,,
222,1.24E+18,2020-03-05 17:37:19+00:00,1.18704E+18, and i @â€˜d a contender,,,,,,,,,,,,,,,,,,,,,
817,1.26E+18,2020-05-10 19:59:39+00:00,2459005033.0,hundreds gather in baghdad in new round of anti-gov't protests  https://t.co/byvrcijljk,,,,,,,,1,,,,,,,,,,,,,
368,1.25E+18,2020-04-02 12:21:17+00:00,441221270.0,a sweet tea from mickey ds sounds ğŸ”¥,,,,,,,,,,,,,,,,1,,,,,
838,1.23E+18,2020-02-19 00:15:10+00:00,24992365.0,love the time right after valentineâ€™s day because it makes it easy to stalk / know if your ig crushes are single or not. iâ€™ve been unfollowing people by the minute. ğŸ˜,,,,,,,,,,,,,,,1,1,,,,,
828,1.3E+18,2020-08-24 05:25:22+00:00,381234311.0," ""protesters"" ğŸ˜†",,,,,,,,1,,,,,,,1,,,,,,
117,1.22E+18,2020-01-11 04:57:42+00:00,419947303.0,iâ€™m looking for a freak when iâ€™m done block bleeding,,,,,,,,,,,,1,,,,,,,,,
829,1.27E+18,2020-06-01 01:24:39+00:00,348723491.0,"this shit is getting out of hand. i got sent home an hour early, due to the new curfew la county is enforcing. not because of the (cornoavirus, but the rioting.) #longbeach #losangelesriots #lockdown2020 #losangelesprotest https://t.co/oogqnow7bb",,,,,,,,1,,,,,1,,,,,1,,,
343,1.22E+18,2020-01-29 03:51:34+00:00,253430846.0,this is one of the most interesting q&amp;as i have ever seen. the legendary thelma schoonmaker in conversation with joi mcmillon (moonlight) before the irishman at the american cinematheque. truly amazing! https://t.co/7udjtwlmqb,,,,,,,,,,,,,,,,1,,,,,
463,1.24E+18,2020-03-25 06:29:44+00:00,887390958.0, *sends love ğŸ’•,,,,,,,,,,,,,,,,1,,,,,
689,1.24E+18,2020-03-14 17:29:50+00:00,19669287.0,thank you freethework &amp; for featuring our afi directing workshop for women class of 2020! ..link in bio to read the full article. ..#afidww2020 #afi #femaledirectors #diversityandinclusionâ€¦ https://t.co/rlax9ru4ea,,,1,,1,,,,,,,,,,1,1,,,,,
194,1.22E+18,2020-02-04 22:53:24+00:00,1.04463E+18,my heart aches so fucking bad . any kind of loving words are appreciated .,,,,,,,,,,,,1,,,,,,,1,,
589,1.27E+18,2020-06-13 16:02:16+00:00,1291783393.0,"interestingly. i got another message. the technology companies conspired against so the could exploit them. if the failed. iâ€™m being positioned to have a pao, csm, analyst &amp; warrant officer modified duty mos. the hold up is the companies are building a huge case",,,,1,,,,,,,,,,,,,,1,,,
423,1.24E+18,2020-03-28 06:05:39+00:00,18070847.0, mannnnn the energy was crazy in that room ğŸ˜­,,,,,,,,,,,,,,,,,,,1,,
214,1.23E+18,2020-02-06 09:32:47+00:00,721373.0," you canâ€™t handle the truth. apparently, trumpies are allergic to it, or they wouldnâ€™t idolize a reality tv star and con man.",,,,,,,,1,,,,,1,,,,,1,,,
283,1.23E+18,2020-02-20 07:01:39+00:00,134154688.0,got some heat cominâ€™ out soon. ğŸ¤ğŸ”Š,,,,,,,,,,,,1,,,,,1,,,,
493,1.22E+18,2020-01-15 03:38:24+00:00,3257063678.0,"hi my name is catuhlinahhh, &amp; iâ€™m an alcoholic.",,,,,,,,,,,,,,,,,,1,,,
408,1.24E+18,2020-03-20 01:46:44+00:00,1.24046E+18,customers always support for us.we couldn't be happier.we are deeply grateful for your kindness.#kappohonda #hondaya #japaneserestaurant #america #california #losangels  #orangecounty #oc #fountainvalley #izakaya #å‰²çƒ¹æœ¬å¤š #æœ¬å¤šå±‹ #å±…é…’å±‹ #ã‚¢ãƒ¡ãƒªã‚« #ã‚«ãƒªãƒ•ã‚©ãƒ«ãƒ‹ã‚¢ #å‰²çƒ¹ https://t.co/1waqebjrdm,,,,,,,,,,,,,,,1,1,,,,,1
431,1.25E+18,2020-04-22 02:25:56+00:00,1476174398.0, my poison apple from snow white and now iâ€™m currently thinking the pig nurses from the twilight zone ğŸ˜,,,,,,,,,,,,,,,,1,,,,,
483,1.22E+18,2020-01-26 06:51:13+00:00,196929178.0,ainâ€™t shit changed. https://t.co/e0bjz9yx2u,,,,,,,,,,,,,1,,,,,1,,,
243,1.23E+18,2020-02-20 17:50:03+00:00,26690403.0,someone just venmoâ€™d me money for â€˜building a positive comedy communityâ€™#crazyfunnyasianz#thankful #wow #tellyourstorytellourstory https://t.co/lgrdsayrsg,,,,,1,,,,,,,,,,1,1,,,,,
25,1.25E+18,2020-04-25 10:55:42+00:00,1.23469E+18,health is wealth ğŸ”¥ğŸ”¥ğŸ”¥ real life nothing like them clowns ğŸ˜‚ğŸ˜‚ğŸ˜‚ğŸ”ªğŸ”ªğŸ”ª https://t.co/bispry9oyd,1,,,,,,,,,,,,,,,1,1,,,,
645,1.21E+18,2020-01-07 03:47:06+00:00,807446946.0,the right guy to kill but the wrong administration to do it is all you need to understand about the #msm #demonrats #americafirst #voteconservatives #trump2020landside,,,,,,,,1,,,,,,,,,,1,,,
492,1.28E+18,2020-06-29 04:10:18+00:00,437422002.0,"abandonment issues suck, esp when it's repeating over and over again, it makes it tough to open yourself up to ppl, if they r just going to leave forever",,,,,,1,,,,,,,,,,,,1,1,,
686,1.29E+18,2020-07-28 19:39:29+00:00,2866200878.0,"i havenâ€™t been able to wear a sports bra for about 4 years now bc all stores donâ€™t carry my size. today, i cried when i was told the store had one for me... i literally cried. big brands should really start being more inclusive with sizing.",,,,1,,,,,,,,1,1,,,,,,1,,
684,1.33E+18,2020-11-22 07:15:37+00:00,875076912.0,i have two new favorite sports,,,,,,,,,,,,1,,,,1,,,,,
128,1.25E+18,2020-04-26 17:47:53+00:00,14086836.0, why are u guys. so nervous ?,,,,,,,,,,,,,,,,,,,,,
548,1.27E+18,2020-06-07 13:31:18+00:00,2432416417.0, something else is possible. whether it be community based or otherwise.,,,,,,,,,,,,1,,,,,,,,,
683,1.27E+18,2020-05-31 17:06:23+00:00,18319079.0," you're kinda honored, but your mostly a nimrod.",,,,,,,,,,,,,,,,,,1,,,
9,1.28E+18,2020-07-19 07:15:12+00:00,1.17041E+18,i find a fine guy on twitter and then boom... from texas ğŸ˜,,,,,,,,,,,,,1,,,,,,,,
10,1.34E+18,2020-12-26 22:16:47+00:00,3286027794.0, disney needs to give us a spin off https://t.co/dpeeajkers,,,,,,,,,,,,1,,,,,,,,,
448,1.29E+18,2020-07-30 05:39:36+00:00,149219539.0,itâ€™s basically 10+ people + a host sit in a circles 1-3 players are secret werewolfâ€™s. rounds have two phases. day phase:everyone tries to murder a werewolf.night phase:werewolves pick a person to murder. once you are murdered you are out and canâ€™t talk. last team standing wins.,,,,,,,,,,,,,,,,,,,,,
802,1.27E+18,2020-05-29 06:48:13+00:00,8.00112E+17,"ğŸ—£ no justice, no peace! fuck the police! #blacklivesmatter #justiceforgeorgefloyd",,,,1,,,,1,,,1,,1,,,,,,,,
43,1.24E+18,2020-03-13 15:21:40+00:00,438027370.0,i broke up with my girlfriend and saved up like 2 grand in the weeks ğŸ˜‚ğŸ˜‚.,,,,,,,,,,,,,,,1,,,,,,
835,1.23E+18,2020-02-11 19:40:14+00:00,30333723.0,valentineâ€™s day is friday and all i want is some chocolate covered strawberries ğŸ˜‹ğŸ¥° ....#minniemouse #mickey #disney #disneyfan #disneylife #disneyfashion #selena #mickeyears @ downtown disney district https://t.co/jlbo42lmrz,,,,,,,,,,,,1,,,,1,,,,,
80,1.22E+18,2020-01-29 00:57:55+00:00,41117946.0,"just posted a photo @ los angeles, california https://t.co/pqohpvkrpg",,,,,,,,,,,,,,,,,,,,,
814,1.27E+18,2020-06-02 23:04:37+00:00,2436252571.0,peaceful group of #blacklivesmatter in hancock park. #blm https://t.co/2kmmvvagnw,,,1,,,,,,,,,,,,,,1,,,,
525,1.24E+18,2020-03-17 00:16:53+00:00,20105978.0,this is basically how all of 2020 has felt.,,,,,,,,,,,,,,,,,,,,,
373,1.25E+18,2020-04-26 15:44:52+00:00,9.19275E+17,"a leader is the one who knows the way, goes the way and shows the way...",,,,,,,1,,,,,,,,,,,,,,
92,1.34E+18,2020-12-10 00:29:06+00:00,1.11175E+18,"for me, listening to feels like reading 50 shades. i be getting both hot and bothered no cap",,,,,,,,,,,,,,,1,1,,,,,
827,1.34E+18,2020-12-31 16:19:25+00:00,141663597.0," i'm curious, do you storm onto the diamond in protest every time the cardinals lose?",,,,,,,,,,,,,1,,,,,1,,,
103,1.34E+18,2020-12-12 18:12:45+00:00,3061747368.0,baby baby baby baby babyyyyyyy,,,,,,,,,,,,,,,,1,,,,,
606,1.25E+18,2020-04-08 23:41:44+00:00,846945457.0, only on social media. most people don't give a shit about that.,,,,,,,,,,,,,,,,,,1,,,
404,1.26E+18,2020-04-29 19:44:34+00:00,899332801.0,tom hanks is donating plasma ğŸ˜,,,,,,,,,,,,,,,,,,,,,
720,1.26E+18,2020-05-22 21:25:04+00:00,1.00385E+18,"attn #caquarantineteachers, due to covid-19, children who are eligible for free or reduced-price meals at school will get xtra food benefits called pandemic ebt. families will get $365 per eligible child for food/groceries. info accessed from https://t.co/d0kqojs3zz may21,2020. https://t.co/dj3zceapdi",1,,,,,,,,,,,,,,,,,,,,
164,1.32E+18,2020-10-23 13:19:11+00:00,1.12068E+18, right ğŸ¤—,,,,,,,,,,,,,,,1,,,,,,
660,1.3E+18,2020-09-09 23:35:55+00:00,1681730040.0,lol me doing shrooms in bear country while i over salt the burgers and literally throw all the fire wood in the fire pit and leaving us out in the cold but also winning at poker.,,,,,,,,,,,,,,,1,,,,,,
426,1.22E+18,2020-01-10 17:10:30+00:00,24073793.0, and it was from succession!,,,,,,,,,,,,,,,,,,,,,
826,1.27E+18,2020-05-31 05:53:48+00:00,497798457.0,"my friend jake shot this last night, check his instagram for the full version edit: #dtla #icantbreath #justiceforgeorgefloyd #losangelesprotest https://t.co/pdqthbkyjk",,,1,,,,,,,,,,,,,,,,,,
818,1.28E+18,2020-06-23 02:19:29+00:00,14192448.0,"reading jenna ellis complaints on biblical christians being silenced by the liberal woke. should maybe point out a #blmprotest in pasadena was partially led by my baptist church, full of bible reading, theologically erudite, historically aware &amp; compassionate, devout christians. https://t.co/bbunpqcis6",,,1,,1,,,,1,,,,,,,,1,,,,
454,1.24E+18,2020-03-16 03:41:24+00:00,188078397.0,i hope this corona kills us all. this planet should flourish. humans are killing it. oh how i wish this virus is natureâ€™s pest control.,,1,,,,,,,,,,,1,,,,,1,,,
815,1.34E+18,2020-12-10 19:23:26+00:00,503941028.0,"my students presented their final presentation for their graduate policy class. what a semester to teach policy with social justice protests, police reform, covid and a presidential election. we worked hard every wednesday night to unpack the complexities of policy! https://t.co/uqav5quxnc",,,1,,,,1,1,,,,,,,,,,,,,
33,1.26E+18,2020-05-10 15:33:13+00:00,3700724424.0,when that price tag on goyard that shit take off the whole tax,,,,,,,,,,,,,1,,,,,,,,
226,1.34E+18,2020-12-29 04:34:19+00:00,1.04617E+18,i got no regrets. i make choices and i live with the consequences.,,,,,,,,,,,,,,,,,1,,,,
24,1.31E+18,2020-10-09 19:34:51+00:00,14103009.0, why are you intentionally spreading misinformation masked as truthful and collaborative?,,,,1,,,,,,,1,,1,,,,,,,,
604,1.34E+18,2020-12-14 01:49:51+00:00,1.02472E+18, oc deputy sheriff says release og inmates theyâ€™ll end back up in jail.,,,,,,,1,,,,,,,,,,,,,,
82,1.24E+18,2020-03-12 16:14:32+00:00,52611745.0," girl no. what a poor, distasteful and disgusting comment to make. no one should be getting raped tf???",,1,,,,,,,,1,1,,1,,,,,,,,
208,1.28E+18,2020-07-13 23:23:24+00:00,2941604301.0,i need to meds out because ong i been stop this fighting shit a long time agoğŸ˜©ğŸ¤¦ğŸ½â€â™€ï¸,,,,,,,,,,,,,,,,,,1,1,,
332,1.34E+18,2020-12-05 17:32:26+00:00,1334481404.0, no go for joe and the hoe!,,,,,,,,1,,,,,1,,,,,1,,,
217,1.29E+18,2020-07-29 17:51:16+00:00,1.2496E+18, lol hurt me? boy that kinda dick is a blessing to these guts ğŸ¥µğŸ˜ˆğŸ¤£,,1,,,,,,,,,,,,,1,,,,,,
847,1.23E+18,2020-02-07 19:49:53+00:00,2790685721.0,all i want for valentines is my hand around your neck,,,,,,,,,,,,1,,,,1,,,,,
627,1.34E+18,2020-12-14 13:54:42+00:00,1180834206.0,january 5th or 6th!,,,,,,,,,,,,,,,,,,,,,
14,1.33E+18,2020-11-18 07:10:31+00:00,1.19477E+18,"everything that makes america ğŸ‡ºğŸ‡¸ the home we love needs to be done. life isnâ€™t worth living if we arenâ€™t living our lives with thanksgiving, christmas and other cultural events.",,,,,1,,,,,,,1,,,,,1,,,,
161,1.26E+18,2020-04-29 17:43:33+00:00,62554768.0,"yâ€™all so so good, watch this show.",,,,,,,,,,,,,,,1,1,,,,,
127,1.3E+18,2020-08-24 15:22:59+00:00,1.1034E+18,this shit is dangerous.   as a scientist who has worked on many vaccines.  they must be safe and effective!  #dumptrumpdaynov3,,1,,,,,,,,,,,,1,,,,1,,,
511,1.23E+18,2020-03-01 21:38:03+00:00,2291813732.0, harvey weinstein is better qualified!#ratcliffe #trumpliesaboutcoronavirus #donaldtrump #gopcorruptionovercountry,,,,1,,,,1,,,,,1,,,,,1,,,1
786,1.22E+18,2020-01-29 12:30:20+00:00,21177529.0,kobe bryant plays moonlight sonata https://t.co/jm0kru7ndq via,,,,,,,,,,,,,,,,,,,,,
116,1.34E+18,2020-12-31 23:57:05+00:00,2450405539.0,offend the alphabet ppl boom career over ğŸ˜‚ğŸ˜”,,,,,,,,,,,,,,,,,,,1,,
496,1.24E+18,2020-03-11 00:08:29+00:00,1.22232E+18,damn she said she has the receipts my guy ğŸ˜©ğŸ˜©ğŸ˜©ğŸ˜‚,,,,,,,,,,,,,,,,,,,1,,
409,1.29E+18,2020-07-24 04:25:42+00:00,76211817.0,uh oh... stay safe seattle :/,1,,,,,,,,,,,,,,,,,1,,,
28,1.26E+18,2020-05-12 20:53:12+00:00,9.49127E+17,we fucking miss you tooğŸ˜«ğŸ˜­ğŸ’”,,,,,,,,,,,,,,,,1,,,1,,
719,1.33E+18,2020-11-24 15:51:16+00:00,336733015.0,the same people who are spreading the virus will be the same people pushing and fighting their way to the front with those of us who have complied since day one when they need the vaccine or a hospital bed. #covid19 #lockdownchaos,,,,,,1,,,,,,,,,,,,1,,,
455,1.33E+18,2020-12-03 20:58:25+00:00,38023296.0," â€œviolentâ€ is killing two people, cuz your a â€œbadassâ€",,1,,,,,,,,,1,,1,,,,,,,,
338,1.32E+18,2020-10-18 00:49:17+00:00,24070451.0, itâ€™s such classic projection. iâ€™m constantly surprised at how dumb he looks at these rallyâ€™s....,,,,,,,,,,,,,1,,,,,,,1,
724,1.24E+18,2020-03-29 22:58:46+00:00,110229849.0,"so there are ~692,118 #coronavirus tests performed in the us that have no result reported as of 3/29/20 adm. brett giroir said 840,000 #covid19 tests in the us have been performed. the math doesnâ€™t add up.https://t.co/rx2ga9bdxt #breaking #coronaupdate https://t.co/wj26tmavch",,,,1,,,,,,,,,,,,,,1,,,
407,1.28E+18,2020-07-03 18:00:37+00:00,3830211432.0,"girl i know had a friend with covid 19 symptoms, she got tested and before waiting to get her results and staying home, she went to bww and then bar hoping... her results came in positive smh",1,,,,,,,,,,,,,,,,,,1,,
467,1.32E+18,2020-11-05 22:51:59+00:00,2719310271.0,burry me wit a tame impala vinyl .,,,,,,,,,,,,,,,,1,,,,,
331,1.27E+18,2020-06-01 19:07:39+00:00,310587778.0,shame on guthrie to refer to the unlawful gathering as â€œdemonstrators â€œ and to further ask if the police will be investigated remember reginald  denny 1992?  peaceful demonstrators donâ€™t interfere with le functions &amp; when they do letâ€™s not go out of our way to protect them.,,,,,,,1,,,,,,,,,,,1,,,
630,1.3E+18,2020-09-12 21:17:46+00:00,331502289.0,hey everyone! remember for the warrior's path online event today you'll need to join my discord to play https://t.co/yvrzfcyq2d . also check in will be starting at 2:30 pdt but you'll have until 3:30 pdt. sign ups are still open at https://t.co/fh7fzid6ts . #pokkentournamentdx,,,,,,,,,,,,1,,,,,,,,,
534,1.34E+18,2020-12-18 00:12:32+00:00,122575626.0," what about the russian hack on your watch, you deli hack",,,,,,1,,,,,,,1,,,,,,,,
91,1.32E+18,2020-10-27 00:58:15+00:00,1594699470.0,this level of petty was brought to you by the soon-to-be ousted gop senate ğŸ™„,,,,,,,,1,,,,,1,,,,,1,,,
620,1.25E+18,2020-04-16 06:19:19+00:00,93035589.0, hey baby iâ€™m just a text away okay always,1,,,,,,,,,,,,,,,1,,,,,
362,1.25E+18,2020-04-18 17:24:55+00:00,7.68574E+17, iâ€™m pushing an agenda today,,,,,,,,,,,,1,,,,,,,,,
416,1.25E+18,2020-04-05 19:52:59+00:00,8.1711E+17, god bless you mr. president. thank you for your passionate care and concern for americans during this challenging time. thank you to all who on the front lines fighting this enemy. god bless the usa and heal our land,,,,,,,1,,1,,,,,,,1,,,,,1
680,1.26E+18,2020-05-15 06:42:36+00:00,4665001987.0, welcome back general flynn god  is on your side.,1,,,,,,1,,1,,,,,,,1,,,,,
703,1.31E+18,2020-09-17 15:17:11+00:00,1209388261.0, that is my standard response as well. iâ€™m so sick of those bastards.,,,,,,,,,,,1,,1,,,,,,,,
583,1.26E+18,2020-04-29 16:32:08+00:00,634372305.0,why does everything have to be about showing off?? just send the damn mask to whoever needs them...,1,,,,,,,,,,1,,1,,,,,,,,
224,1.34E+18,2020-12-25 04:47:11+00:00,14457170.0,merry christmas my #launchandfounders friends! so grateful for your friendship during 2020...and beyond! https://t.co/8ayrg1e2ak,,,,,,,,,,,,1,,,,1,,,,,1
844,1.23E+18,2020-02-15 08:05:10+00:00,1.15706E+18,"i may not have had a valentine this year, but one of my best friends from scad came to visit meğŸ˜­â¤ï¸",,,,,,,,,,,,,,,,1,,,1,,
600,1.31E+18,2020-09-20 17:24:11+00:00,869154817.0, harmeet dhillon perfect fit. a conservative woc minority member. brilliant,,,,,,,,,,,,,,,,,1,,,,
616,1.31E+18,2020-09-17 19:04:24+00:00,9.02004E+17, the president of the united states should take note.,,,,,,,1,,,,,,,,,,,,,,
671,1.25E+18,2020-04-08 21:52:04+00:00,9.80435E+17,believe we shall risea 56 yo pediatrician in manila dying of covid19  was healed and sent home for further recovery. very happy to share this good news. contact me here on twitter for more info. god will never leave us.#cure#covid19#coronavirushttps://t.co/9afzgvfqok,1,,,,,,,,1,,,,,,1,,1,,,,
629,1.34E+18,2020-12-20 04:57:48+00:00,99176855.0,i just need cardo to talk to me in his t dot accent every night laid up in between rounds,,,,,,,,,,,,,,,,,,,,,
278,1.27E+18,2020-05-29 18:40:01+00:00,2849466930.0," change your viewing angle, the world is what you make of it.",,,,,,,,,,,,,,,,,1,,,,
494,1.26E+18,2020-05-08 00:58:31+00:00,1.071E+18,and thatâ€™s on human decency &amp; respect for others! https://t.co/dierlah3zj,,,,,,,,,,,,,,,,,1,,,,
263,1.32E+18,2020-10-11 21:06:24+00:00,224525775.0,this allen kid will likely never get another nfl start. practice squad for a reason he is more of a liability than ryan gossling in remember the titans,,,,,,,,,,,,,,,,,,1,,,
708,1.24E+18,2020-03-04 13:58:45+00:00,1.15917E+18,two broke ass step and fetch it making money by supporting a racist/scumbag/sexual predator these two black women are disgusting and they make a mockery of the dignity we black americans hold here in americaâœŠğŸ¿âœŠğŸ¾ğŸ‡ºğŸ‡¸ sad to watch ğŸ˜¢despicable these two step and fetch it clowns,,1,,1,1,1,,,,1,,,1,,,,,,1,,
380,1.29E+18,2020-07-24 01:28:25+00:00,30415889.0," good for you! preach sister , you are strong and brave!",1,,,,,,,,,,,,,,,1,1,,,,
518,1.25E+18,2020-04-06 18:18:28+00:00,7.86408E+17,because everyone knows that you will only count your votes and not anyone who votes against you. cheaters,,,,1,,,,1,,,1,,1,,,,,,,,
715,1.31E+18,2020-09-16 16:36:48+00:00,1.29325E+18,gloves and no water flow was gonna cut it. this place is disgusting. i feel bad for anyone eating there now. i would ask her to clean the deep frying machine too and she did it like once a month. if yâ€™all were lucky. the only reason i went back was bc,1,,,,,,,,,1,,,1,,,,,,,,
447,1.3E+18,2020-08-26 05:58:33+00:00,487338271.0,"iâ€™m sorry that iâ€™ve grown cynical, but how many fuckin times are we gonna see such a profound expression of grief on the tl just to sit back and do absolutely nothing?",,,,,,,,,,,,,,,,,,1,,,
120,1.26E+18,2020-05-24 05:15:04+00:00,8.22616E+17,"fear not, for god is always there for you. https://t.co/azwwzatrx2",,,,,,,,,1,,,,,,,,1,,,,
265,1.22E+18,2020-01-12 09:47:13+00:00,469830166.0, why you so sad bro?,1,,,,,,,,,,,,,,,,,,1,,
6,1.32E+18,2020-10-26 00:06:07+00:00,572916516.0, no weâ€™re not. where did you get that?,,,,,,,,,,,,,,,,,,1,,,
40,1.24E+18,2020-03-25 01:16:46+00:00,1.05023E+18,"420- probably my bestest friend right now, absolutely chaotic together, fuggin shigg youâ€™re an awesome person iâ€™m glad to know ğŸ¤“",,,,,,,,,,,,,,,1,1,,,,,1
784,1.3E+18,2020-08-24 19:00:38+00:00,122889863.0,â€œthe most important thing is to try and inspire people so that they can be great in whatever they want to doâ€ - kobe bryant,1,,,,,,,,,,,,,,,1,1,,,,
146,1.25E+18,2020-04-01 08:50:46+00:00,4637964985.0,who got the fattest pussy of them all?,,,,,,,,,,1,,,1,,,,,,,,
346,1.24E+18,2020-03-08 00:20:24+00:00,1941405499.0, itâ€™s astonishing how many clinical neuropsychologists among the bernie bros.,,,,,,,,,,,,,,,,,,,,1,
45,1.25E+18,2020-04-01 03:43:06+00:00,68520657.0,"today:- made 500,000 bells from turnips- paid off my loan to get a third room- gave lily some medicine bc wtf girl- placed &amp; paid off an iron bridge- added the campsite- got drunk on the beach with sherb",,,,,,,,,,,,,,,,,,,,,
699,1.24E+18,2020-03-07 21:31:43+00:00,2572051452.0,"since, l'm in hollywood. l'm going to buy some music cd and watch movie.",,,,,,,,,,,,1,,,,,,,,,
820,1.27E+18,2020-05-29 05:11:01+00:00,1.223E+18,this was a protest and you refused to listen. https://t.co/j7qwlmlsml,,,,,,,,1,,,,,,,,,,1,,,
115,1.27E+18,2020-06-01 03:49:51+00:00,548961451.0,"with prop 47, 57, ab-109, and no bail, ca is defenseless to adequately address crime. #enoughisenough",,,,,,,,1,,,,,,,,,,1,,,
481,1.33E+18,2020-11-22 22:32:22+00:00,17416420.0,"pop quiz for #decency &amp; #equity coming up: will we give #caregivers &amp; #meatpackers, not park ave #influencers, the first doses? stay â€˜tooned.",1,,,,,,,,,,,1,,,,,,,,,
248,1.27E+18,2020-06-07 16:07:40+00:00,1209181404.0,"it is time that patriots recognize who the bad politicians are and how they want you not defending yourself against the terrorists that want to kill you.  one them out or better yet, recall them. ğŸ‘‡",,1,,,,,,1,,,,,1,,,,,1,,,
133,1.34E+18,2020-12-12 15:58:25+00:00,1571906630.0, still trying to convince yourself. ok loser.,,,,,,,,,,,,,1,,,,,,,,
18,1.34E+18,2020-12-21 03:52:56+00:00,313393282.0,some men are weird af,,,,,,,,,,,,,1,,,,,,,,
755,1.3E+18,2020-09-09 02:46:25+00:00,35762101.0,#fire #fires out #dick out. #coronavirus #pandemic #covid_19 #covid19 #2020 #losangeles #hollywood #california #c4jforever #nakedauthor #jasonmitchiner #jasonwilliammitchiner #gaomgâ€¦ https://t.co/ekzdcsvfwc,,,,,,,,,,,,,,,,,,,,,
227,1.33E+18,2020-11-22 23:08:56+00:00,41043058.0,"a great lunch with daunie! (@ mamas food and cocktails in los alamitos, ca) https://t.co/pclxinjqxz https://t.co/clqsizt7g7",,,,,,,,,,,,,,,1,1,,,,,
268,1.26E+18,2020-05-09 04:22:03+00:00,1.19009E+18,i donâ€™t have time to relive my mistakes.,,,,,,,,,,,,,,,,,1,,,,
704,1.27E+18,2020-06-01 22:48:05+00:00,28475003.0, disgusting you are!,,,,,,,,,,,,,1,,,,,,,,
739,1.31E+18,2020-10-04 22:19:56+00:00,21987210.0,"maybe they wont. itâ€™s a gamble. but their partners family friends? are they all healthy? everyone they could come in contact with? do they get 2wks paid if they have to quarantine? adequate medical coverage if things go bad? not everyone has trouble seeing beyond themselves, sir.",1,,,,,,,,,,,,,,,,,1,,,
247,1.26E+18,2020-05-22 00:56:50+00:00,40393915.0,writing is kicking my ass today.,,,,,,,,,,,,,,,,,,1,1,,
19,1.22E+18,2020-02-04 05:17:03+00:00,8.23258E+17,"sorry nick, no trump for you. #maga #49ers #bosa #ninerfaithful #fail https://t.co/vmkeubiovn",,,,,1,,1,,,,,,1,,,,,,,,
700,1.24E+18,2020-03-29 18:14:56+00:00,1240089547.0, they all look like tr*mp voters abusing wild animals ğŸ¤¢,,,,,,,,1,,1,,,1,,,,,,,,
284,1.24E+18,2020-03-27 00:11:00+00:00,1.04646E+18,well finished the hobbit and on to lord of the rings :p,,,,,,,,,,,,,,,1,,,,,,
500,1.34E+18,2020-12-13 02:30:40+00:00,422084538.0,so naive and sadly pathetic,,,,,,,,,,,,,,,,,,,1,,
432,1.27E+18,2020-06-21 21:38:13+00:00,3011364499.0, wow! so strong! such a big boy! take that libs!,,,,,,,,,,,,,,,,,,1,,1,
135,1.22E+18,2020-01-17 15:40:14+00:00,2912604961.0, more witcher!! #witcher,,,,,,,,,,,,,,,,,,,,,
171,1.31E+18,2020-09-17 16:58:52+00:00,277313333.0, which android? my phone doesn't have that,,,,,,,,,,,,,,,,,,,,,
642,1.24E+18,2020-03-20 04:04:18+00:00,68520657.0,itâ€™s 9:03pm pst why isnâ€™t it working?!??!! #animalcrossing https://t.co/i1gkgwgfut,,,,,,,,,,,1,,,,,,,,,,
130,1.25E+18,2020-04-11 02:33:38+00:00,550933750.0,#cowboysfam #questionoftheday #fridayfeeling (serious question) why would you chase something thatâ€™s not going to work/happen? ğŸ¤¦ğŸ»â€â™‚ï¸ğŸ˜”ğŸ˜¢ https://t.co/35txaeghpi,,,,,,,,,,,,,,,,,,1,,,
641,1.26E+18,2020-05-04 02:23:23+00:00,297547885.0," maybe you can also put your input as to why (and i have searched) europe who has been on stay at home orders that are stricter than us are not protesting. speaks volumes, yeah?",,,,,,,,1,,,,,,,,,,,,,
354,1.24E+18,2020-03-12 07:26:46+00:00,1.08168E+18,"literally like as soon as came on, i projectile vomited over the barricade because of the horchata!!!! *cuuuuurrrrrses* i made my way back to the rail tho hehe &gt;:)",,,,,,,,,,,,,1,,,,,,,,
389,1.24E+18,2020-03-14 19:55:17+00:00,8.0309E+17,gave me flashbacks https://t.co/wqw5mccaqb,,,,,,,,,,,,,,,,,,,,,
621,1.26E+18,2020-05-05 18:23:44+00:00,2426794592.0, the guy i responded to. is implied attempt at humor starts at the word credit. and notice i didn't talk about pandemics worldwide i specifically said across the u.s..,,,,,,,,,,,,,,,,,,,,,
78,1.34E+18,2020-12-14 23:24:15+00:00,211215801.0," it's a glorious feeling, humanity rising again.",,,,,,,,,1,,,,,,1,,1,,,,
575,1.27E+18,2020-06-04 05:26:41+00:00,1240752456.0,"â€œpeople should not be afraid of their government, government should be afraid of their people.â€      -v for vendetta",,,,,,,1,,,,,,,,,,,,,,
100,1.24E+18,2020-03-04 17:24:02+00:00,79362852.0, yeah apparently the shoot was in italy and italy has told people to stop gathering in groups,,1,,,,,,,,,,,,,,,,,,,
2,1.25E+18,2020-04-25 07:23:21+00:00,7.50562E+17, why is that si funny,,,,,,,,,,,,,,,,,,,,,
141,1.3E+18,2020-09-07 12:11:08+00:00,98536748.0,5am with insomnia and im-im-im still here https://t.co/afblktyrob,,,,,,,,,,,,,,,,,,,1,,
375,1.26E+18,2020-05-21 18:20:30+00:00,7.87483E+17,"mr president, you are are a man of your word and amaze me. you said â€œthere has never been a time when i said i was going to do something and didnâ€™t do it.â€ please tell me you will be the best president in the history of our country for another 4 years. ğŸ‡ºğŸ‡¸",,,,,,,1,,,,,1,,,,1,1,,,,1
111,1.32E+18,2020-10-28 03:16:05+00:00,45627569.0,conservative columnist issues ominous warning about 4 more years of donald trumphttps://t.co/krpbyrr52r,,,,,,,,1,,,,,,,,,,,,,
498,1.22E+18,2020-01-24 07:47:51+00:00,114970774.0,#abc2020 killing on cape cod kills me #reasonabledoubt #jurors #wow #freedom #prisonreform ğŸ¦‹ğŸ™ğŸ¼ğŸ•Š,,1,,,,,,1,,,,,,,,,,,,,
139,1.24E+18,2020-03-22 02:24:02+00:00,139499320.0, oh shoot i still havenâ€™t seen that so i might have to watch that!,,,,,,,,,,,,,,,,,,,,1,
369,1.27E+18,2020-06-20 20:33:41+00:00,1172988169.0," michelle has always been appreciated for her professionalism &amp; will be known for her dedication to serve for the benefit of those who entrust her - to rise to a fiduciary standard of politics - instead of the oac politics of self-service for celebrity, power and money with ego.",,,,,,,1,,,,,,,,,,,,,,1
772,1.34E+18,2020-12-24 15:03:13+00:00,1077402078.0,kobe 6 grinchâ€™s sold out within milliseconds ğŸ˜³ğŸ¤¯,,,,,,,,,,,,,,,,,,,,1,
551,1.34E+18,2020-12-10 10:10:18+00:00,9.41483E+17,i'm blessed to have loyal dick suckers! https://t.co/qtz3jp39hv,,,,,,,,,,,,,,,1,,,,,,
307,1.33E+18,2020-11-14 05:25:50+00:00,79881538.0, girl i didnâ€™t even get dressed  ğŸ˜«,,,,,,,,,,,,,,,,,,,1,,
63,1.31E+18,2020-09-14 03:44:58+00:00,4191239027.0,0344zn668pd los angeles police dept air support divisionsquawk: 1200n34.0796 w118.2492altitude: 1175ftcourse: 100Âºgroundspeed: 56kts https://t.co/15tdowwh4n,,,,,,,,,,,,,,,,,,,,,
277,1.25E+18,2020-04-21 21:32:06+00:00,342527564.0,"i unplugged my tv, powered off the router, modem, i reset my tv back to factory settings &amp; i canâ€™t get it to connect ğŸ˜­ğŸ˜­ğŸ˜­",,,,,,,,,,,,,,,,,,,1,,
734,1.25E+18,2020-04-01 05:06:23+00:00,2307624157.0,day in life // quarantine home lock down ğŸ  âœ¨new video tomorrow at 5pm! link in bioâœ¨ https://t.co/jxijodnhfv,,,,,,,,,,,,1,,,,,,,,,
30,1.34E+18,2020-12-12 03:35:39+00:00,1.3376E+18, drop your cashapp or paypal and get spoiled now,,,,,,,,,,,,,,,,,,,,,
261,1.25E+18,2020-04-25 17:45:38+00:00,2342377856.0,not weâ€™re here making me cry,,,,,,,,,,,,,,,,,,,1,,
370,1.27E+18,2020-06-09 10:58:18+00:00,1099698799.0,"if you've made it through and can keep on going, you are so strong",,,,,,,,,,,,,,,,,1,,,,
218,1.24E+18,2020-03-27 20:22:48+00:00,2424658579.0,i did and i got double photocards of yeo one on his birthdayğŸ˜ğŸ˜ğŸ˜,,,,,,,,,,,,,,,,1,,,,,
515,1.3E+18,2020-08-25 09:54:36+00:00,1.23443E+18, all white people are racist where have you been? check your privilege #jacobblake,,,,1,,,,,,,,,1,,,,,1,,,
168,1.34E+18,2020-12-25 23:37:12+00:00,9.05995E+17,"kd tatum and kyrie, this game fun",,,,,,,,,,,,,,,1,,,,,,
549,1.23E+18,2020-02-25 02:57:07+00:00,177799870.0, been a great friend. always here for youğŸ™ğŸ™,1,,,,,,,,,,,,,,,1,,,,,1
553,1.28E+18,2020-07-12 18:00:01+00:00,44057969.0, we are all doing the best we can but yes among my colleagues at it is a worry and concern. thank yoj.,1,,,,,,,,,,,,,,,,,1,,,
245,1.32E+18,2020-11-06 12:57:25+00:00,79084197.0,so kanye won nevada and theyâ€™re embarrassed to tell us and thatâ€™s why they are holding back all the numbers.,,,,1,,,,,,,,,,,,,,,,,
644,1.23E+18,2020-02-21 03:19:16+00:00,2931649466.0,lawmakers are warned that russia is meddling to re-elect trump https://t.co/kkula6dhan #babysnitch #howdoyousaylessoninrussian,,,,1,,,,1,,,,,,,,,,1,,,
74,1.31E+18,2020-09-28 17:49:59+00:00,292619620.0,"just posted a photo @ los angeles, california https://t.co/jwrwnpw1t9",,,,,,,,,,,,,,,,,,,,,
51,1.23E+18,2020-02-09 20:30:59+00:00,9.49389E+17,so my sister goes to apu and she lives in the uv apartments and every time i go to my sisters place i see this hanging out the window and i finally took a pic and i love it. even though they go to a christian college itâ€™s like saying i luv god and iâ€™m gay. https://t.co/lwigim9uj9,,,,,,,,,1,,,,,,1,1,,,,,
444,1.32E+18,2020-10-21 21:45:05+00:00,2351261089.0,iâ€™ve decided to kill chris pratt,,1,,,,,,,,,1,,1,,,,,,,,
48,1.32E+18,2020-10-28 05:04:38+00:00,2191683230.0,this aged beautifully.ws champs babyyyyy,,,,,,,,,,,,,,,,1,,,,,
60,1.23E+18,2020-02-18 18:05:58+00:00,1.11296E+18,first day at my new job https://t.co/e2ey1csc2x,,,,,,,,,,,,1,,,,,,,,,
105,1.23E+18,2020-02-08 21:47:54+00:00,1.14628E+18, many thanks. dig it. always glad for new music.,,,,,,,,,,,,,,,1,1,,,,,
336,1.28E+18,2020-07-03 17:54:17+00:00,296124998.0,"me, getting caught wearing a bra under my bathing suit ğŸ¤¦ğŸ½â€â™€ï¸  â€‰â€‰ğŸ“¸: ğŸ¡: avantstay @ malibu, california https://t.co/tpyuwjbuhz",,,,,,,,,,,,,,,,,,,1,,
32,1.32E+18,2020-11-05 01:50:17+00:00,1862540220.0,go away kayleigh. your time lying to america is up âŒ›ï¸ https://t.co/jv4klqituy,,,,1,,,,,,,1,,1,,,,,,,,
531,1.27E+18,2020-06-15 15:05:14+00:00,3218898019.0, ding ding! bell of sold! bag oâ€™ beans and mug! ğŸ¥°,,,,,,,,,,,,,,,1,,,,,,
731,1.26E+18,2020-05-07 23:34:35+00:00,2498004758.0,"covid-19 lockdown has made people extremely bored, childish and disturbed.",,,,,,,,,,,,,1,,,,,1,,,
202,1.21E+18,2020-01-06 06:59:04+00:00,1595022794.0, love this so much ğŸ˜â¤ï¸â¤ï¸,,,,,,,,,,,,,,,,1,,,,,
763,1.29E+18,2020-08-03 05:04:48+00:00,17889928.0,"so the says that we should expect around 11,000 people to die of #coronavirus every week this month. is it about time for the to call for a 9th hearing into finding out that there was nothing could do about those four american deaths in #benghazi? ğŸ™„",,1,,,,,,,,,,,1,,,,,1,,,
315,1.33E+18,2020-11-21 22:13:45+00:00,7.06973E+17,congrats to the lec for winning content team of the the year! it was an honor to be nominated ğŸ™ğŸ¼,,,,,,,,,,,,,,,1,,,,,,
46,1.23E+18,2020-02-21 02:00:01+00:00,2588988072.0, i got a weeks worth of dinners paid for baby we know how to do it right,,,,,,,,,,,,,,,,,1,,,,
197,1.27E+18,2020-05-30 06:05:17+00:00,8.78549E+17,i have grown tired of the notion of an ally. i prefer the language of an â€œaccomplice.â€ an ally loves you from a distance. an accomplice loves you up close. we need allies to make the transition to accomplices. an ally is someone who has unpacked her personal privilege but hasnâ€™t,,,,,1,,,,,,,,,,,,,,,,
255,1.22E+18,2020-02-03 20:47:31+00:00,1.06796E+18,your my heart in human form,,,,,,,,,,,,,,,,,,,,,1
619,1.34E+18,2020-12-17 15:12:08+00:00,33039444.0," no joke, right? same swing and power range",,,,,,,,,,,,,,,,,,,,,
251,1.25E+18,2020-04-13 01:26:53+00:00,30132643.0,lmaooo. let her would of pulled that shit with new york it somebody else. she would of had her ass handed to her. lol,,,,,,,,,,,1,,1,,1,,,,,,
113,1.25E+18,2020-04-19 23:24:54+00:00,19803825.0, it works exceptionally well.,,,,,,,,,,,,,,,,,1,,,,
713,1.27E+18,2020-06-06 22:36:30+00:00,42631106.0,youâ€™re the girl i always knew you were.. disgusting.,,,,,,,,,,,,,1,,,,,,,,
598,1.27E+18,2020-05-29 19:12:15+00:00,7.45674E+17," cnn carried it, i would always try his website",,,,,,,,,,,,,,,,,,,,,1
124,1.3E+18,2020-08-24 20:15:46+00:00,2984583636.0,"thank you. as the daughter of a retired mail carrier who busted her ass for 31yrs, it is disgusting to see what is being done and knowing that my mom is terrified of how this will put her and my uncle's pensions in jeopardy.",,1,,,,,,,,,,,1,,,,,1,,,
487,1.32E+18,2020-10-12 22:17:35+00:00,6621852.0," actually, republicans have traditionally been resistant to covering pre-existing conditions. they wanted the individual mandate to protect the profits of health insurance companies.",,,,1,,,,,,,,,,,,,,,,,
750,1.24E+18,2020-03-10 06:29:48+00:00,363905795.0,"so does it pleasure you to specifically call it ""chinese"" coronavirus as opposed to covid-19? you're such a racist mccarthy.",,,,1,,,,,,,1,,1,,,,,,,,
314,1.29E+18,2020-08-10 09:15:26+00:00,1.225E+18,one of the hardest pills i had to swallow ğŸ’¯,,,,,,,,,,,,,,,,,,1,,,
23,1.22E+18,2020-01-14 01:18:35+00:00,2281482584.0, shit they both support him clearly,,,,,,,,,,,,,1,,,,,,,,
13,1.28E+18,2020-07-14 19:40:13+00:00,310062286.0, got to be rooftopğŸ‘€ğŸ¤”,,,,,,,,,,,,,,,,,,,,,
768,1.23E+18,2020-02-24 20:20:56+00:00,2593477993.0,love to you kobe and family..,1,,,,,,,,,,,,,,,1,,,,,
328,1.32E+18,2020-10-11 03:45:06+00:00,15679839.0, remember who the other guy is though,,,,,,,,,,,,,,,,,,,,,
682,1.34E+18,2020-12-17 16:07:30+00:00,1.32805E+18,"you may see me struggle but, youâ€™ll never see me quit.",,,,,,,,,,,,,,,,,1,,,,
379,1.21E+18,2020-01-06 17:43:52+00:00,2701675310.0, and never take any (serious) decision on one measurement alone... usually i really trust only ionized calcium concentration,,,,,,,,,,,,,,,,,,,,,1
179,1.21E+18,2020-01-02 05:22:32+00:00,151356220.0,"2020, you are looking pretty good. https://t.co/zczthiizoc",,,,,,,,,,,,,,,,,1,,,,
428,1.32E+18,2020-11-03 08:01:16+00:00,1.26205E+18,i see im going to have to go find people that wouldnt do this shit. you take this healing thing as a joke. and me as well. like i expected more from you.,,1,,,,,,,,,,,1,,,,,,1,,
88,1.23E+18,2020-02-27 01:56:54+00:00,2171614915.0,shoulda went to da league ğŸ˜« at least they gon pay me for my talent,,,,,,,,,,,,,,,,,,1,1,,
308,1.29E+18,2020-08-09 03:37:22+00:00,2823821954.0, my fault i forgot,,,,,,,,,,,,,,,,,,1,,,
522,1.21E+18,2020-01-04 19:01:47+00:00,119992205.0,my mom has the worst taste in men &lt;character&gt;,,,,,,,,,,,,,1,,,,,,,,
552,1.26E+18,2020-05-14 20:02:44+00:00,8.56224E+17, the day will come for hannity to put behind barrs.,,,,,,,,,,,,1,1,,,,,,,,
206,1.22E+18,2020-01-10 20:43:53+00:00,376485487.0,i then shedded tears for my nigga,,,,,,,,,,,,,,,,,,,1,,
399,1.22E+18,2020-01-28 17:37:44+00:00,167889401.0, thanks for the reply. i thought so too.,,,,,,,,,,,,,,,,,,,,,1
687,1.34E+18,2020-12-31 23:00:09+00:00,2446409946.0, why canâ€™t a person be successful and helpful?  you want us to believe that only the poor n down trodden can be good people?,,,,1,,,,,,,,,1,,,,,,,,
459,1.29E+18,2020-08-11 13:42:17+00:00,3943586053.0, bunker boy probably missed that briefing,,,,,,,,1,,,,,,,,,,,,,
97,1.25E+18,2020-04-10 02:30:51+00:00,323982384.0,migraine i do not have time for your shit rn https://t.co/zkfrj9r1b2,,1,,,,,,,,,1,,1,,,,,,,,
36,1.26E+18,2020-05-24 05:24:04+00:00,341290703.0,you are most welcome https://t.co/34wdcsrczg,,,,,,,,,,,,,,,,,,,,,
561,1.34E+18,2020-12-15 16:46:19+00:00,854036208.0,"i lost my dream job &amp; my boyfriend w/in a matter of months &amp; almost gave up &amp; moved back home. after a year of grinding, i now work @ the best job iâ€™ve ever had in a field i love &amp; have my 1st place of my own in la. sometimes failure leads to greater success than u can imagine.",,,,,,,,,,,,,,,1,1,1,,1,,
190,1.29E+18,2020-07-28 08:36:29+00:00,49516492.0, i really like your style but have you ever thought about doing .... ? i think you would look beautiful ... .,,,,,,,,,,,,1,,,,1,,,,,
769,1.22E+18,2020-01-26 22:06:46+00:00,2210914664.0,"a white woman, who was one of folks leading the canvassing efforts, says â€œokay, that means we can confirm that kobe did at least two good things in his life then!â€ to some laughs in the crowd. (3/5)",,,,1,,,,,,,,,,,1,,,,,,
572,1.23E+18,2020-02-20 23:17:26+00:00,2247728472.0,i thought that family in parasite was gullible but yâ€™all take this shit to a new level,,,,,,,,,,,,,1,,,,,,,,
203,1.33E+18,2020-12-03 09:16:01+00:00,77679300.0,"thank you for spending 1,861 minutes with me this year on. you are my #1 artist of the year. i was in your top .05% of listeners! top song was â€œmoonlight,â€ from the #reddeadredemption2 soundtrack!#2020wrapped https://t.co/jgxrryrolb",,,,,,,,,,,,,,,1,1,,,,,1
55,1.26E+18,2020-05-15 18:17:40+00:00,1240089547.0,was switching out my purse to go get my rent money for next month and found the lipstick i wore to enigma https://t.co/g2bbou0nul,,,,,,,,,,,,,,,,,,,,,
474,1.32E+18,2020-10-26 18:26:53+00:00,18417119.0,had mercury been in retrograde my entire life?,,,,,,,,,,,,,,,,,,1,,,
53,1.24E+18,2020-03-07 03:05:51+00:00,9.19812E+17, ameer getting kicked from brockhampton ğŸ˜,,,,,,,,,,,,,,,,,,,1,,
334,1.24E+18,2020-03-31 00:43:24+00:00,2944438999.0,quarantine day 15: went to vons for some things and witnessed a crow using a crosswalk. thoroughly confused.,,,,,,,,,,,,,,,,,,,,,
281,1.26E+18,2020-05-12 16:07:28+00:00,50729972.0,"my pops was online shopping and decided to randomly buy me the flyest pair of loafers. so far, that has been the main reason why i want to go out recreationally.",,,,,,,,,,,,,,,1,,,,,,
436,1.26E+18,2020-04-29 13:08:12+00:00,216453674.0,go get this jamğŸ”¥ğŸ”¥ #lockup by ft ğŸ’ƒğŸš€ cc hypemanluckey terry_apalanewsline ğŸ“¸ #challenge us if u capable ğŸ˜‰ #lockup #lockupbyterryapala #lockupchallenge ğŸš€ğŸš€ @ lock-up https://t.co/v6n9jufwur,,,,,,,,,,,,1,,,1,,,,,,
236,1.24E+18,2020-03-25 03:57:24+00:00,2181420434.0,the reason why you mfs donâ€™t have work or school is to stay healthy &amp; slow the spread of this virus. this free time is not an excuse to go out. stay tf inside!,1,,,,,,,,,,1,,,,,,,,,,
672,1.23E+18,2020-02-27 01:11:22+00:00,1335990260.0,for lent iâ€™m giving up,,,,,,,,,,,,,,,,,,1,,,
538,1.22E+18,2020-01-16 19:39:09+00:00,7.72323E+17,if tom brady would have slapped his ass it would have been a whole different story,,,,,,,,,,,,,,,,,,1,,,
150,1.3E+18,2020-09-02 18:26:16+00:00,225508363.0,"haha, atlus allowed female/female relationships in the past with ""persona 3 portable"" so it wouldn't be without precedence to have same sex relationships in their games.a joker/akechi romance would certainly fulfill lot ""ship-ing"" wishes of the fandom as well.",,,1,,,,,,,,,,,,,,,,,,
491,1.28E+18,2020-06-23 17:23:00+00:00,17681644.0,i found this really cute font but i canâ€™t figure out the name of it. any ideas?! https://t.co/zbrhu6tg3c,,,,,,,,,,,,,,,,1,,1,,,
235,1.34E+18,2020-12-06 04:47:51+00:00,2376419503.0,a relationship where yâ€™all both trust each other 100% &amp; know for a fact one would never think bout hurting the other &gt;&gt;&gt;,1,,,,1,,,,,,,,,,,,,,,,1
643,1.27E+18,2020-06-02 19:39:02+00:00,34540161.0," my god...voting during a world-wide pandemic during riots and curfews is terrifying. thankfully california moved up the date this year and i already voted. if i had to vote today, not sure if i would.",,,,,,,1,,,,,,,1,1,,,,,,
764,1.22E+18,2020-01-26 20:56:31+00:00,1690024057.0,i hate that iâ€™m at the age where famous people passing away actually means something to me cuz i actually know who they are..this sucks #ripkobe,1,,,,,,,,,,,,1,,,,,,1,,
465,1.34E+18,2020-12-23 03:13:20+00:00,4191239027.0,0313zn521hb city of huntington beachn33.6221 w117.8859altitude: 800ftcourse: 80Âºgroundspeed: 62kts https://t.co/mbuqp3ty1j,,,,,,,,,,,,,,,,,,,,,
210,1.24E+18,2020-03-21 20:56:37+00:00,22086087.0,"â€œfor the avg person, wearing a mask makes you more likely to trap germs near your mouth (after touching your face or adjusting the mask)â€",,,,,,,,,,,,,,,,,,,,,
519,1.21E+18,2020-01-08 13:02:24+00:00,75911754.0,hard work pays off right,,,,,,,,,,,,,,,,,1,,,,
579,1.33E+18,2020-12-04 06:17:39+00:00,1.27278E+18,guilty consciences will find any excuse to blame anyone else but them . projection,,,,,,,,,,,,,,,,,,1,,,
650,1.29E+18,2020-08-15 17:42:04+00:00,1.15886E+18,my work had to reopen our public bathrooms yesterday. forced to by la district. hereâ€™s why yâ€™all shouldnâ€™t use public bathrooms if thatâ€™s not already astronomically clear:,,,,,,,,1,,,,,1,,,,,,,,
7,1.31E+18,2020-09-23 16:08:32+00:00,235403000.0,do trump supporters have no actual other personality other than.... trump ffs,,,,,,,,1,,,,,1,,,,,,,,
595,1.27E+18,2020-06-09 23:43:03+00:00,1406692032.0,"the best home workout equipment for small spaces, according to fashionâ€™s favorite trainers https://t.co/yy9kysjijt via",,,,,,,,,,,,,,,,1,,,,,1
99,1.27E+18,2020-05-31 06:40:01+00:00,28181063.0,"senator, iâ€™m a constituent. what exactly is disgusting? you seem more concerned about property damage than the lives behind the primal rage that has been unlocked this week.your tweet is revealing. youâ€™d be a better legislator and man if you put yourself in their shoes.",,,1,,,,,1,,,1,,1,,,,,,,,
535,1.31E+18,2020-10-01 06:00:34+00:00,124547207.0, i meant but on the other hand*****,,,,,,,,,,,,,,,,,,,,,
403,1.27E+18,2020-06-06 21:29:44+00:00,37169500.0," actually they wouldnâ€™t be stuck because the cops closed the streets there for the protesters, so cars couldnâ€™t get through anyway.",,,,,,,1,1,,,,,,,,,,,,,
744,1.25E+18,2020-04-03 03:36:33+00:00,37169500.0,being in isolation and/or quarantine doesnâ€™t mean you should be having people over at your house every day smh! you donâ€™t truly know the precautions those people are taking to stay healthy. #dontbeanidiot,1,,,,,,,,,,1,,1,,,,,1,,,
344,1.22E+18,2020-01-28 03:27:51+00:00,8.36369E+17,biggest shock of the day was that i was on ad 1 of 5 on the nbc website. five. five ads.what is this tv?,,,,,,,,,,,,,,,,,,,,1,
84,1.22E+18,2020-01-16 19:23:19+00:00,54438453.0, they think theyâ€™re so fuckin tough,,,,,,,,,,,,,1,,,,,,,,
528,1.29E+18,2020-08-08 00:02:27+00:00,44331852.0,no itâ€™s fucking not https://t.co/6h9likaphv,,,,,,,,,,,,,,,,,,1,,,
246,1.22E+18,2020-01-22 02:34:45+00:00,242087825.0,some of those facial expressions though...,,,,,,,,,,,,,,,,,,,,,
614,1.27E+18,2020-06-09 20:58:25+00:00,23090217.0, respect is earned not demanded!,,,,,,,,,,,1,,,,,,,,,,
592,1.32E+18,2020-11-03 07:48:09+00:00,7.58415E+17,test_geo_hierarchy: 05982813-0bed-4006-8a83-3f2a74d5a1a6,,,,,,,,,,,,,,,,,,,,,
662,1.25E+18,2020-04-27 02:45:14+00:00,22680051.0,lmao bron lives rent free in hatersâ€™ heads even during this amazing documentary about mj ğŸ˜­,,,,,,,,,,,,,,,,1,,,1,,
395,1.32E+18,2020-10-13 16:40:42+00:00,35424105.0,nobody is taking your freedom. you chains arenâ€™t in your own mind. crazy is as crazy does! biden/harris 2020!!!,,,1,,,,1,,,,,,,,,,,,,,
743,1.24E+18,2020-03-28 02:29:23+00:00,250654708.0,making the most of staying at home ğŸ¡ #crushquarantine https://t.co/mayojbepsi,,,,,,,,,,,,,,,,,,,,,
172,1.29E+18,2020-08-14 05:24:39+00:00,2263223970.0,a drink is much needed,,,,,,,,,,,,,,,,,,,,,
543,1.29E+18,2020-08-07 20:07:40+00:00,1.21608E+18, pool party? ğŸ’¦ğŸ’¦,,,,,,,,,,,,,,,,,,,,,
545,1.32E+18,2020-10-28 03:38:21+00:00,16709629.0,ok fans.....letâ€™s keep it together. limit the fireworks and firecrackers. my dog canâ€™t take it. sheâ€™s still recovering from the championship. #worldseries #baseball #mlb,,,,,,,,,,,,,1,,,,,1,,,
803,1.31E+18,2020-09-29 18:58:20+00:00,492879598.0,"i so wish i could be there in 20-30 years when some of yâ€™all anti-mask, protrump, #alllivesmatter folks get asked by your super woke liberal #genz kids/grandkids â€œwhat side of history were you on?â€ cuz i will tell on your lying ass!#blacklivesmatter #wearamask #votehimout2020 https://t.co/jbv9jfrr06",,,,1,,,,,,,1,,1,,,,,,,,
813,1.31E+18,2020-09-23 17:47:54+00:00,2234760798.0,no officers charged with breonna taylorâ€™s death. #blacklivesmatter https://t.co/dpnd2gkwjm,,,,1,,,,,,,,,,,,,,,,,
398,1.31E+18,2020-09-14 06:01:07+00:00,1.29095E+18,no. but if you're looking for another music consultant please hire me ye!! âœ¨ love and blessings always! ğŸ™ğŸ¥° https://t.co/9unlpkmzkq,,,,,,,,,,,,1,,,1,1,,,,,
723,1.34E+18,2020-12-29 16:25:25+00:00,159874463.0,my 19? covid.  eh......ooooooh.  my bad? my.,,,,,,,,,,,,,,,,,,1,,,
61,1.22E+18,2020-01-12 23:21:17+00:00,223750202.0,me when i finally purchase my copy of animal crossing on 3/20  https://t.co/uid0od2eds,,,,,,,,,,,,,,,,,,,,,
102,1.26E+18,2020-05-07 04:25:35+00:00,2468293843.0,"if you know me, you know how much i dig the streetwear trends ğŸ˜ https://t.co/ifu0nrxpd9",,,,,,,,,,,,,,,,1,,,,,
195,1.3E+18,2020-09-07 02:18:19+00:00,64358084.0," it's my bestfriend, chill scotty",,,,,,,,,,,,,,,,,,,,,1
57,1.27E+18,2020-05-27 08:58:53+00:00,4193853620.0,"can you recommend anyone for this job? welding adjunct instructor applicant pool - https://t.co/7fcwphimta #santaclarita, ca #education",,,,,,,,,,,,1,,,,,,,,,
201,1.26E+18,2020-05-14 07:12:44+00:00,1.0847E+18, i love your shirt so much,,,,,,,,,,,,,,,,1,,,,,
658,1.23E+18,2020-02-10 04:41:40+00:00,2968949611.0,i know this might sounds crazy but i never liked bbq sauce,,,,,,,,,,,,,1,,,,,,,,
578,1.3E+18,2020-08-19 04:47:52+00:00,37593007.0,"iâ€™m sorry waiters , cook, jr smith....",,,,,,,,,,,,,,,,,,1,,,
728,1.33E+18,2020-11-15 17:54:53+00:00,7.36107E+17,"donated meals have become accusations that weâ€™re profiting off of covid diagnoses. meanwhile, hcws keep showing up &amp;caring for you, even when you refuse to #wearamask, even when you donâ€™t believe itâ€™s real &amp;youâ€™re tired of the pandemic. but so are hcws &amp;we are a finite resource.",1,,,,,,,,,,,,,,,,,1,,,
391,1.23E+18,2020-02-07 04:50:54+00:00,1.12993E+18,"here's a stat for you, 90â„… of americans are happy with the way things are going.  sounds like a landslide victory in 2020.",,,,,,,,,,,,,,,,,,1,,,
20,1.3E+18,2020-09-02 20:32:58+00:00,808123634.0,"so cuz amzn, aapl and some others are richer than god, and trumpâ€™s govt is manipulating the mkt upwards, weâ€™re supposed to think the us is doing well???in 2020 the debt is larger than the gdp. real people are hurting, but the orange cult guzzles the kool-aid. wtf!obscene.",,1,,1,,,,1,,,1,,1,,,,,,,,