index,id,created_at,user_id,text,care,harm,fairness,cheating,loyalty,betrayal,authority,subversion,purity,degradation,anger,anticipation,disgust,fear,joy,love,optimism,pessimism,sadness,surprise,trust
634,1.27E+18,6/20/2020 15:33,26653483,10 is my least favourite doctor out of 10-13ğŸ™ˆ,0,0,0,0,0,0,0,0,0,0,0,0,1,0,0,0,0,1,0,0,0
457,1.33E+18,11/16/2020 1:39,9.37E+17,the bottom has completely fallen out,0,0,0,0,0,0,0,0,0,0,0,0,0,0,0,0,0,0,0,0,0
652,1.34E+18,12/12/2020 18:54,1.08E+18, ğŸ´ğŸ”¥ğŸ´we love you too! swylf forever!ğŸ´ğŸ”¥ğŸ´,0,0,0,0,1,0,0,0,0,0,0,0,0,0,0,1,0,0,0,0,0
359,1.22E+18,2/1/2020 1:10,17638041, he is not impeached forever. there was no impeachment. the vote was partisan for impeachment articles and bi partisan for no impeachment articles.,0,0,0,0,0,0,1,1,0,0,0,0,0,0,0,0,0,0,0,0,0
599,1.32E+18,10/27/2020 0:59,70928048,"please keep our first responders in your prayers, while our neighbors evacuate. stay safe",1,0,0,0,0,0,0,0,0,0,0,1,0,0,0,0,1,0,0,0,0
342,1.34E+18,12/11/2020 0:13,227185568,"caught this surfer just coming out of a barrel! tag if you know the surfer. #hbpier #hbpiersouthside #huntingtonbeach #surfing #surfphotography #california #canonphotography @ huntington beach, california https://t.co/b23eblqo11",0,0,0,0,0,0,0,0,0,0,0,0,0,0,0,0,0,0,0,1,0
234,1.34E+18,12/14/2020 14:39,1.25E+18,no me rewatching all the lectures to study smfh i should of just payed attention the first time ğŸ¤¦â€â™‚ï¸ğŸ˜‚,0,0,0,0,0,0,0,0,0,0,0,0,0,0,0,0,0,0,1,0,0
780,1.22E+18,1/26/2020 16:04,7.55E+17,"yeah...ima have to be the elephant killer:- how did a fire started in the first place...in a open field tho?- since it was known for kobe to go ğŸš  riding as his past time, who was watchn or following him?- kobe was only 41...why does his death seems like a setup? #qtna",0,1,0,0,0,0,0,0,0,0,0,0,0,0,0,0,0,1,1,0,0
121,1.27E+18,6/1/2020 20:59,2422476984,national guard everywhere in #westwood village. no masks in sight. police staging area on kinross and wilshire is packed with no fewer than 100 officers. unclear whether or not mass arrests will take place but no police busses in sight. https://t.co/21tj20osfb,0,0,0,0,0,0,1,0,0,0,0,0,0,1,0,0,0,1,0,0,0
192,1.31E+18,9/26/2020 16:22,727579052,"chocolate, i love chocolate, itâ€™s my favorite!! #abgt400",0,0,0,0,0,0,0,0,0,0,0,0,0,0,1,1,0,0,0,0,0
286,1.23E+18,2/29/2020 14:22,95590206,"a membership with cureâ€™s concierge service is your ticket to a better life. if youâ€™re looking for unprecedented 24/7 access to the best medical care available, this is the best deal in town.concierge members areâ€¦ https://t.co/kesrhvmyp1",1,0,0,0,0,0,0,0,0,0,0,0,0,0,0,0,1,0,0,0,0
187,1.21E+18,1/5/2020 23:43,512525777,me cheering awkwafina to everything she deserves https://t.co/nejzdmvkc8,0,0,0,0,0,0,0,0,0,0,0,1,0,0,0,0,1,0,0,0,0
497,1.27E+18,6/22/2020 2:55,7.18E+17, bruh youâ€™re not gonna not wanna be rich because of higher taxes. youâ€™re still gonna be allowed to be a billionaire.,0,0,0,0,0,0,0,0,0,0,0,0,0,0,0,0,0,1,0,0,0
845,1.23E+18,2/15/2020 2:27,2391735781, i miss you too! hope your valentines was extra special and iâ€™ll get to see you soon! ğŸ¥°ğŸ’–,0,0,0,0,0,0,0,0,0,0,0,1,0,0,1,1,1,0,0,0,0
16,1.26E+18,5/14/2020 17:22,1690186524, wow. it's almost like you have someone just printing money for you. must be nice.,0,0,0,1,0,0,0,0,0,0,0,0,0,0,0,0,0,1,0,0,0
96,1.27E+18,6/1/2020 1:04,21145221,"#chicken #chashu #pesto #ramen...#globalistrecipes #cheatday #quarantinecooking #asianfusion #martiallaw #whitenationalistshaveinfiltratedlawenforcement @ sherman oaks, california https://t.co/oj8mfugfrp",0,0,0,0,0,0,0,0,0,0,1,0,1,0,0,0,0,1,0,0,0
383,1.25E+18,4/8/2020 5:40,27341776,theyâ€™re good lads who exercise good praxis at all times. snag this asap,0,0,0,0,0,0,0,0,0,0,0,0,0,0,0,0,1,0,0,0,0
555,1.30E+18,8/24/2020 23:43,393695853, we love you jenny ğŸ’™,0,0,0,0,0,0,0,0,0,0,0,0,0,0,0,1,0,0,0,0,0
830,1.27E+18,6/8/2020 14:19,10399172," well, everything except police violence, racism, and the number of people protesting against trump. those are all at all time high",0,1,0,0,0,0,0,1,0,0,0,0,1,0,0,0,0,1,0,0,0
147,1.24E+18,3/27/2020 11:00,1.24E+18," let's also thank the easter bunny, santa claus, tooth fairy, and all the orange ooompa loompas for allowing america's intelligence-challenged, arrested development idiots to live on planet plutocrat la-la liar. oh, and emperor, love your clothes!!",0,0,0,1,0,0,0,0,0,0,0,0,1,0,0,0,0,1,0,0,0
451,1.29E+18,7/21/2020 1:12,181340030,"l.a. county reports hospitalizations at all-time high; officials cite concerns for pregnant women, younger people https://t.co/n5oyaup6wb",0,1,0,0,0,0,0,0,0,0,0,0,0,1,0,0,0,1,0,0,0
502,1.24E+18,3/16/2020 21:47,2224581823,thanks for the inspiration nando! ğŸš²ğŸ’™ https://t.co/29nedkajxb,0,0,0,0,0,0,0,0,0,0,0,0,0,0,0,1,0,0,0,0,0
21,1.23E+18,3/2/2020 23:59,1546639022,?a.i.d.$ giving homosexual david bovvie is deadi hear the pure jew is $tigl fuÂ¢king after pope pius fo.r. his â„¢Â¢oncentratioon camp{â‚¬âˆ†},0,1,0,0,0,0,0,0,0,1,1,0,1,0,0,0,0,1,0,0,0
345,1.28E+18,6/26/2020 13:13,2528253098,my dad tried to surprise us and buy us jetskies for havasu and he said he went down to the place in banning and they were all sold out ğŸ˜‚ğŸ˜­ we love angelo ğŸ˜‚â¤ï¸,0,0,0,0,0,0,0,0,0,0,0,0,0,0,0,1,0,0,1,1,0
770,1.31E+18,9/13/2020 2:17,1.00E+18,naomi osaka pays tribute to kobe bryant following her us open win  https://t.co/ztblx7enoj,1,0,0,0,0,0,0,0,0,0,0,0,0,0,0,0,0,0,1,0,0
31,1.28E+18,7/17/2020 2:01,9.37E+17,absolutely! but itâ€™s not going to work,0,0,0,0,0,0,0,0,0,0,0,0,0,0,0,0,0,1,0,0,0
325,1.25E+18,4/15/2020 0:26,61332082," yes, youâ€™re right about that. the *frequency* of federal elections is set in the constitution (the house and 1/3 of the senate every 2 years, the president every 4).  the 20th amendment sets the end of congressâ€™ and the presidentâ€™s term in january (the 3rd and 20th respectively).",0,0,0,0,0,0,1,0,0,0,0,0,0,0,0,0,0,0,0,0,1
657,1.23E+18,2/10/2020 23:21,70046515,the problem: women always go to the bathroom together.the solution: https://t.co/h0qdyjafko,0,0,0,0,0,0,0,0,0,0,0,0,0,0,0,0,0,0,0,0,0
159,1.23E+18,2/22/2020 4:04,2281730617,i donâ€™t know why she told me that for but i made someone happy ğŸ˜Š and i made her day and she also told me can i get a free drink and i told her i can see,0,0,0,0,0,0,0,0,0,0,0,0,0,0,1,0,1,0,0,0,0
390,1.25E+18,4/1/2020 17:45,8891042,why is it that whenever there's a deadline approaching &amp;/or that you're waiting on sources to get back to you that the urge to nap also rises? sometimes i really feel like i need to switch to coffee already.  aye dios mio.,0,0,0,0,0,0,0,0,0,0,0,0,0,0,0,0,0,0,0,0,0
688,1.22E+18,1/19/2020 21:07,130233037,had a great time at a standing room meetup this past wed! see you next month! #meetup #cannabiscommunity #sccbig @ aeon botanika wellness https://t.co/fbghzvlq5g,1,0,0,0,0,0,0,0,0,0,0,1,0,0,1,0,0,0,0,0,0
669,1.28E+18,7/13/2020 3:12,9.57E+17," plz remember to pray during times of tribulation, fam ğŸ™ğŸ¿ğŸ’•ğŸ™ğŸ½",0,0,0,0,0,0,0,0,1,0,0,0,0,0,0,1,0,0,0,0,0
233,1.24E+18,3/9/2020 0:10,1117970959,"grateful to be a woman + all the women in our lives + in this world ğŸŒ¸ğŸ™ğŸ¼ğŸ’—  may we continue to glow and love unconditionallyâœ¨we love each and every one of you xo #internationalwomensday @ manhattan beach, california https://t.co/6d0io4om2d",1,0,0,0,1,0,0,0,0,0,0,1,0,0,1,1,1,0,0,0,0
798,1.23E+18,2/9/2020 18:03,1340596500,#kobebryant #ripkobebryant #24 #8 #lakers #staplescenter #kobe #lakernation #la @ staples center https://t.co/qxbi5mximx,0,0,0,0,0,0,0,0,0,0,0,0,0,0,0,0,0,0,1,0,0
252,1.22E+18,1/19/2020 22:51,2929078309, beautifully saidğŸ’œ#shineonâ˜€ï¸ğŸŒ,0,0,0,0,0,0,0,0,0,0,0,0,0,0,0,1,0,0,0,0,0
651,1.26E+18,4/28/2020 14:38,1.13E+18,my resting bitch face is mistaken for the mean girl,0,0,0,0,0,0,0,0,0,0,0,0,0,0,0,0,0,0,0,0,0
26,1.34E+18,12/27/2020 19:51,1376065056,goff sucky thumb gameğŸ˜¤,0,0,0,0,0,0,0,0,0,0,1,0,0,0,0,0,0,0,0,0,0
289,1.29E+18,8/1/2020 19:08,4191239027,2307zn998sd county of riverside californian33.7985 w117.3814altitude: 2475ft https://t.co/cyguh6f6xk,0,0,0,0,0,0,0,0,0,0,0,0,0,0,0,0,0,0,0,0,0
661,1.26E+18,4/29/2020 21:53,7.90E+17,rolls royces are literally one of the worst cars ever itâ€™s just a fat 300c and somehow even slower,0,0,0,0,0,0,0,0,0,0,0,0,1,0,0,0,0,1,0,0,0
180,1.32E+18,11/4/2020 2:49,7.46E+17," honestly i havenâ€™t even met a tonfrom the two or so i have though, iâ€™d way more quickly say â€œsexyâ€ or even â€œcharismaticâ€ but not intelligent, at least not in some commonly thought of wayyouâ€™re attractive for example, youâ€™re prob aries ğŸ˜‚",0,0,0,0,0,0,0,0,0,0,0,1,0,0,0,1,1,0,0,0,0
434,1.26E+18,4/30/2020 14:16,32113781,we must be a voice for the voiceless!,1,0,0,0,0,0,0,0,0,0,0,0,0,0,0,0,0,0,0,0,0
162,1.30E+18,8/24/2020 0:44,28913529,ready for labor day weekend ğŸ˜›ğŸ˜›,0,0,0,0,0,0,0,0,0,0,0,1,0,0,1,0,0,0,0,0,0
745,1.25E+18,4/3/2020 22:10,1.16E+18,iâ€™m taking so many sexy photos &amp; thirst traps after this quarantine ğŸ¤—ğŸ˜›,0,0,0,0,0,0,0,0,0,0,0,0,0,0,1,0,0,0,0,0,0
330,1.30E+18,8/23/2020 21:04,14521762, for republicans latinos and blacks are expendables,0,1,0,1,0,1,0,0,0,0,1,0,1,0,0,0,0,1,0,0,0
174,1.26E+18,5/25/2020 13:57,1.14E+18,starting on netflix... i hope itâ€™s good,0,0,0,0,0,0,0,0,0,0,0,1,0,0,0,0,0,0,0,0,0
363,1.34E+18,12/24/2020 12:30,2259473810,the fact that nobodyâ€™s gifts are wrapped lmao,0,0,0,0,0,0,0,0,0,0,0,0,0,0,1,0,0,0,0,0,0
526,1.24E+18,3/15/2020 2:53,1.07E+18,i miss raven so much ğŸ¥ºğŸ¥º,0,0,0,0,0,0,0,0,0,0,0,0,0,0,0,0,0,0,1,0,0
71,1.34E+18,12/30/2020 13:55,119540553, that turn is ğŸ¤®,0,0,0,0,0,0,0,0,0,0,0,0,1,0,0,0,0,0,0,0,0
480,1.22E+18,1/30/2020 19:00,61772051,another interesting #patents development.,0,0,0,0,0,0,0,0,0,0,0,1,0,0,0,0,0,0,0,0,0
776,1.22E+18,1/28/2020 1:38,1.01E+18,kobe bryant ft. tyra banks - kobe [lyrics] https://t.co/qgv4ijuvp1 via,0,0,0,0,0,0,0,0,0,0,0,0,0,0,0,0,0,0,0,0,0
806,1.30E+18,9/10/2020 20:53,45546421,literally says it all. #blacklivesmatter,1,0,0,0,1,0,0,0,0,0,0,0,0,0,0,0,0,0,0,0,0
62,1.26E+18,5/5/2020 20:35,39402350, i donâ€™t think the audience would be as big but it would definitely gather some fans. look at the wolverine podcast or even book recordings famous actors reading reading famous books. iâ€™ve heard people reading comic books on youtube .  doable !,0,0,0,0,0,0,0,0,0,0,0,1,0,0,0,0,1,0,0,0,0
260,1.34E+18,12/31/2020 2:42,447309963,iâ€™m so sad... 2020 really is the worst year of my life,0,0,0,0,0,0,0,0,0,0,0,0,1,0,0,0,0,0,1,0,0
536,1.26E+18,5/2/2020 15:42,1.26E+18,again id sell my soul to see toopoor dj https://t.co/v6jytltqfi,0,0,0,0,0,0,0,0,0,0,0,0,0,0,0,1,0,0,0,0,0
773,1.22E+18,1/26/2020 16:14,358296892,r.i.p. to a true g.o.a.t. ğŸ¤¦ğŸ½â€â™‚ï¸ #kobebryant #rip #losangeles #nba #tragic #badnews #greatestofalltime #cantbelieveit #letsplayball #lakers #whylord #2020 #nbadraft #legend #neverbeanotherâ€¦ https://t.co/f1rmdnf8dk,1,0,0,0,1,0,0,0,0,0,0,0,0,0,0,0,0,0,1,0,0
175,1.23E+18,2/21/2020 16:12,8.68E+17, ...n0se appetizing company,0,0,0,0,0,0,0,0,0,0,0,0,0,0,0,0,0,0,0,0,0
271,1.28E+18,6/29/2020 14:36,521928505, lmao same thing happened to me and i cried ğŸ˜‚ğŸ˜‚,0,0,0,0,0,0,0,0,0,0,0,0,0,0,1,0,0,0,1,0,0
846,1.22E+18,1/13/2020 21:58,21394805, someone said this about biggie and bruh ğŸ˜‚,0,0,0,0,0,0,0,0,0,0,0,0,0,0,1,0,0,0,0,0,0
22,1.25E+18,4/22/2020 16:18,221947623,the hoe thoughts in quarantine are too damn much lol,0,0,0,0,0,0,0,0,0,0,0,0,0,0,1,0,0,0,0,0,0
729,1.29E+18,7/28/2020 13:40,9.90E+17," because, using breitbart doctorsâ€™ logic, we can literally prove that more people with covid-19 recovered after drinking this than after taking hydroxychloroquine. https://t.co/rqf10v8msh",0,0,0,0,0,0,0,0,0,0,0,0,0,0,0,0,0,0,0,0,0
178,1.22E+18,1/26/2020 17:18,1.14E+18,i canâ€™t even believe this shit,0,0,0,0,0,0,0,0,0,0,0,0,0,0,0,0,0,0,0,1,0
400,1.23E+18,3/1/2020 13:04,1.09E+18,"the way gaga, doja, &amp; dua has started pop music for us this decade... gives me hope",0,0,0,0,0,0,0,0,0,0,0,1,0,0,0,0,1,0,0,0,0
393,1.30E+18,8/20/2020 14:29,23368393, i thought you were,0,0,0,0,0,0,0,0,0,0,0,0,0,0,0,0,0,0,0,0,0
4,1.23E+18,2/22/2020 3:34,353375667, omg wth what a deuce,0,0,0,0,0,0,0,0,0,0,0,0,0,0,0,0,0,0,0,1,0
709,1.25E+18,4/12/2020 22:22,21914895, these are those â€œlow levelâ€ criminals being released to torment us. sad thing is the police probably took him to jail where he was quickly released back into the streets. itâ€™s sickening! ğŸ˜¡,0,1,0,0,0,0,0,0,0,0,1,0,1,1,0,0,0,1,0,0,0
396,1.25E+18,4/11/2020 15:58,1285162760,this season / episode package of america blows. not even a catchy mike post theme can help it.,0,0,0,0,0,0,0,0,0,0,0,0,0,0,0,0,0,1,0,0,0
183,1.25E+18,4/4/2020 4:43,1.07E+18,this is the funniest thing today! ğŸ˜­,0,0,0,0,0,0,0,0,0,0,0,0,0,0,1,0,0,0,1,0,0
695,1.30E+18,9/12/2020 0:24,1396122516," itâ€™ll happen, we must continue to add listeners and take over",0,0,0,0,0,0,0,0,0,0,0,1,0,0,0,0,0,0,0,0,0
50,1.29E+18,8/15/2020 19:57,874600686, the repairs aint worth it,0,0,0,0,0,0,0,0,0,0,0,0,0,0,0,0,0,1,0,0,0
476,1.22E+18,2/2/2020 13:54,1255951830, me too girl itâ€™s all good,0,0,0,0,0,0,0,0,0,0,0,0,0,0,0,0,0,0,0,0,0
485,1.21E+18,1/7/2020 7:21,1.02E+18,how come those who stand up 42 reproductive rights aren't reproducing? if u want 2r be reproductive you must have babies tor do that. i don't know that's just me maybe i'm wrong. but if you want reproductive rights this country will give you all the right you want to have a baby,0,0,0,1,0,0,0,0,0,0,1,0,0,0,0,0,0,1,0,0,0
106,1.34E+18,12/30/2020 20:03,72904301, heâ€™s a fuckboy...hahaha...,0,0,0,0,0,0,0,0,0,0,0,0,0,0,1,0,0,0,0,0,0
517,1.27E+18,6/16/2020 17:11,42048593, another lie. trump always lies.,0,0,0,1,0,0,0,1,0,0,1,0,1,0,0,0,0,1,0,0,0
460,1.23E+18,2/5/2020 16:07,213277666,y'all in the new saw trailer chris rock is full zaddy mode. he looks damn sexy.,0,0,0,0,0,0,0,0,0,0,0,0,0,0,0,1,0,0,0,0,0
219,1.33E+18,11/20/2020 1:36,1442533153,"i unfollowed too many ppl, timeline be dry now ğŸ˜…",0,0,0,0,0,0,0,0,0,0,0,0,0,0,0,0,0,0,0,0,0
322,1.34E+18,12/23/2020 16:06,44897078,some idiot probably flew there for thanksgiving,0,0,0,0,0,0,0,0,0,0,0,0,0,0,0,0,0,1,0,0,0
303,1.33E+18,11/10/2020 4:45,1408889839,need my back rubbed smh,0,0,0,0,0,0,0,0,0,0,0,0,0,0,0,0,0,0,0,0,0
749,1.27E+18,6/3/2020 11:13,168769384,"on a side note, the coronavirus is literally laughing its microscopic ass off considering the amount of infenctions that are going to rise up in the coming weeks. lmao be safe, stay healthy, be human! ğŸ¤ŸğŸ½",1,1,0,0,0,0,0,0,0,1,0,0,0,1,1,0,0,1,0,0,0
560,1.31E+18,10/5/2020 6:32,230070961,i wonder which costumes the yakusa group plan to wear this halloween... something in stripes? https://t.co/qdx3mbnbxo,0,0,0,0,0,0,0,0,0,0,0,1,0,0,0,0,0,0,0,0,0
576,1.33E+18,11/13/2020 4:24,28407739,bc someone (alejandra) doesnt know their place,0,0,0,0,0,0,0,0,0,0,0,0,0,0,0,0,0,1,0,0,0
466,1.24E+18,3/16/2020 19:55,9.62E+17, i just pulled up to work,0,0,0,0,0,0,0,0,0,0,0,0,0,0,0,0,0,0,0,0,0
64,1.28E+18,7/6/2020 7:02,104602193,repugnantkkkans culture  war to try to rewrite history. there will be no revision this time. change is coming.,0,0,0,0,0,0,0,0,0,0,0,1,0,0,0,0,1,0,0,0,0
840,1.22E+18,1/29/2020 16:39,1592302153, is so cute sis ğŸ’–,0,0,0,0,0,0,0,0,0,0,0,0,0,0,0,1,0,0,0,0,0
475,1.29E+18,7/22/2020 1:39,2362243668, she also bought stocks in zoom when zoom was virtually unknown company,0,0,0,0,0,0,0,0,0,0,0,0,0,0,0,0,0,0,0,0,0
118,1.31E+18,10/8/2020 14:03,22086087,once you let fear replace love hate is born because ppl fear what they think will hurt them and then they hate the supposed hurter,0,1,0,0,0,0,0,0,0,0,0,0,0,1,0,0,0,0,0,0,0
718,1.25E+18,4/15/2020 11:55,49201075,hydrogen peroxide therapy- information and instruction with dr. mercola https://t.co/cmwj7zbbcw via    covid19,0,0,0,0,0,0,0,0,0,0,0,0,0,0,0,0,0,0,0,0,0
674,1.33E+18,11/23/2020 13:31,32113781,but organized religions are not interested in peaceÂ â€“ they are interested in becoming more and more powerful and dominant. inside your soul is the way to god and the infinite freedom from all forms of oppression you seek. #earthcrisis #newplan #votethemallout,0,0,0,0,0,0,0,1,1,0,0,0,0,0,0,0,0,0,0,0,0
458,1.26E+18,5/18/2020 18:04,9.02E+17,pro life activists are fighting to not wear masks while theyâ€™re killing the vulnerable without remorse. tell me why i shouldnâ€™t be allowed to have an abortion again?,0,1,0,0,0,0,0,0,0,0,1,0,1,0,0,0,0,1,0,0,0
229,1.33E+18,11/29/2020 21:56,414594063,"happy birthday to one of the good guys!  i hope you have an amazing day,!  #gohawks #seahawks https://t.co/coqnmcofn5",0,0,0,0,0,0,0,0,0,0,0,1,0,0,1,0,1,0,0,0,0
87,1.30E+18,8/21/2020 0:54,1.15E+18,"whoo, iâ€™ve been so busy all day. iâ€™ve been drawing few storms lately. i really need to rest my hands (my drawing right hand ğŸ– to be extant) by putting them in a bowl of ice ğŸ§Š ğŸ§Š right now. my hands ğŸ¤² hurts. #tweet #express #gif #emotion https://t.co/u8ky5oyfwm",0,1,0,0,0,0,0,0,0,0,0,0,0,0,0,0,0,0,0,0,0
225,1.24E+18,3/5/2020 0:23,1.03E+18,bless bless blessity bless bless *fart* bless me!,0,0,0,0,0,0,0,0,1,0,0,0,0,0,0,0,0,0,0,0,0
733,1.25E+18,4/12/2020 3:21,4518977788,quarantine making me have some bad attitude,0,0,0,0,0,0,0,0,0,0,1,0,1,0,0,0,0,0,0,0,0
163,1.22E+18,1/30/2020 15:40,1.09E+18,i told my mom letâ€™s go to in n out and iâ€™ll buy and this woman goes â€œletâ€™s get you a salad.â€ maâ€™am what????,0,0,0,0,0,0,0,0,0,0,0,0,0,0,0,0,0,0,0,1,0
510,1.26E+18,5/7/2020 1:10,390560316, barnhill: â€œa private person may arrest an offender if the offense is committed in his presence or within his immediate knowledge.â€so this old white guy is ok with a citizens arrest ending in a murder? people need to not only investigate the ex-cops past work but his as well,0,1,0,0,0,0,0,0,0,0,1,0,1,0,0,0,0,1,0,0,0
537,1.29E+18,7/24/2020 15:51,56216470, theyâ€™re amazing ğŸ˜­â¤ï¸ğŸ”¥,0,0,0,0,0,0,0,0,0,0,0,0,0,0,1,1,0,0,1,0,0
296,1.24E+18,3/21/2020 23:02,2720013139,the last 3 days has made it for me to want to go home and stay there and not come back for a long long time,0,0,0,0,0,0,0,0,0,0,0,0,0,0,0,0,0,1,0,0,0
530,1.26E+18,5/15/2020 23:09,2423875429,so whoâ€™s coming over to take shots w me during deorro https://t.co/0wbcw8ix3s,0,0,0,0,0,0,0,0,0,0,0,0,0,0,0,0,0,0,0,0,0
419,1.30E+18,9/3/2020 14:00,488761943,the and student affairs departments are partnering to welcome all cultures to #thebeach https://t.co/mz6ycaosav,0,0,0,0,0,0,0,0,0,0,0,1,0,0,0,0,1,0,0,0,0
574,1.23E+18,2/27/2020 16:53,7.83E+17," republicans gave us an authoritarian president who spits on our constitution and has deemed himself above the law.get rid of these traitors!!vote for a woman with integrity, courage, morals and honor. https://t.co/vbnbd7h2yo",0,0,0,1,0,0,1,1,0,1,1,0,1,0,0,0,0,1,0,0,1
266,1.27E+18,6/3/2020 10:07,1.00E+18,am i still gonna see u next month or no,0,0,0,0,0,0,0,0,0,0,0,0,0,0,0,0,0,0,0,0,0
8,1.34E+18,12/13/2020 2:24,1.06E+18, jimmy page - dazed and confused,0,0,0,0,0,0,0,0,0,0,0,0,0,0,0,0,0,1,0,1,0
668,1.23E+18,2/6/2020 17:54,8.93E+17,"if you donâ€™t sin, then jesus died for nothing",0,0,0,0,0,0,0,0,1,0,0,0,0,0,0,0,0,0,0,0,0
566,1.33E+18,11/7/2020 13:48,364725160, please leave,0,0,0,0,0,0,0,0,0,0,1,0,1,0,0,0,0,0,0,0,0
610,1.25E+18,4/6/2020 20:31,155720430,"whatever suggestions biden gave, expect this administration to do the opposite.",0,0,0,0,0,0,0,0,0,0,0,0,0,0,0,0,0,1,0,0,0
321,1.28E+18,6/28/2020 21:45,22062349, zbigniew preisner's requiem for a friend,0,0,0,0,0,0,0,0,0,0,0,0,0,0,0,0,0,0,1,0,0
479,1.28E+18,7/12/2020 12:33,16602233,this! #economicjustice is #racialjustice!,0,0,1,0,0,0,0,0,0,0,0,0,0,0,0,0,0,0,0,0,0
504,1.33E+18,11/24/2020 16:09,61634106, so proud of what you are doing in georgia. you rock!,0,0,0,0,0,0,0,0,0,0,0,0,0,0,0,1,0,0,0,0,0
554,1.22E+18,2/4/2020 17:08,553819609,ğŸ—£ï¸ğŸ—£ï¸ğŸ—£ï¸ i've been saying this !,0,0,0,0,0,0,0,0,0,0,0,0,0,0,0,0,0,0,0,0,0
122,1.31E+18,9/27/2020 9:29,1414684496,"usgs reports a m1.12 earthquake, 7km nw of the geysers, ca on 9/27/20 @ 13:26:49 utc https://t.co/y4i16njq3q #earthquake",0,0,0,0,0,0,0,0,0,0,0,0,0,0,0,0,0,0,0,0,0
165,1.25E+18,3/31/2020 22:56,342967955, maybe pink shoulda sold tp ğŸ¥´ğŸ˜‚,0,0,0,0,0,0,0,0,0,0,0,0,0,0,1,0,0,0,0,0,0
742,1.24E+18,3/27/2020 20:29,9.78E+17,when this quarantine shit over imma fly you out to la and take you on a date ğŸ¥ºğŸ‘‰ğŸ¾ğŸ‘ˆğŸ¾,0,0,0,0,0,0,0,0,0,0,0,1,0,0,0,1,0,0,0,0,0
452,1.26E+18,5/18/2020 10:21,432089019,my mom does this with me ğŸ¥ºğŸ¥º and then my kids come and ruin the moment ğŸ™„,0,0,0,0,0,0,0,0,0,0,0,0,0,0,0,0,0,0,0,0,0
628,1.25E+18,4/23/2020 23:21,631632465,awww you look so amazing ğŸ¥° i hope to see you more in this season !â¤ï¸ #kuwtk,0,0,0,0,0,0,0,0,0,0,0,1,0,0,0,1,1,0,0,0,0
717,1.25E+18,4/22/2020 21:06,16632593, i believe it. #covidiots,0,0,0,0,0,0,0,0,0,0,1,0,1,0,0,0,0,0,0,0,1
358,1.23E+18,2/12/2020 21:56,8.92E+17,why are asian moms so weird i got a haircut and the first thing she does is smell my hair and then say â€œwow $6â€,0,0,0,0,0,0,0,0,0,0,0,0,0,0,0,0,0,0,0,1,0
605,1.29E+18,8/7/2020 15:55,7.03E+17,"those were missiles no firework can do that much damage, this was an attack folks. plain and simple",0,1,0,0,0,0,0,0,0,0,0,0,0,1,0,0,0,0,0,0,0
471,1.25E+18,4/26/2020 13:11,1591722020,new episode of mel's news is up on my youtube channel! meme of the day! #memes #news #fashionblogger #melsnews #sports #worldnews #meme #currentevents #acting #film #host #music #funny #entertainment #entertainerâ€¦ https://t.co/gijqjtinim,0,0,0,0,0,0,0,0,0,0,0,0,0,0,1,0,0,0,0,0,0
541,1.22E+18,1/15/2020 1:40,1.09E+18,"trynna be some you ainâ€™t , you ainâ€™t gon make it far",0,0,0,1,0,0,0,0,0,0,0,0,0,0,0,0,0,1,0,0,0
101,1.32E+18,10/26/2020 20:37,1874086538, aw itâ€™s only gonna be on soundcloud because i used samples from lord of the rings. lol,0,0,0,0,0,0,0,0,0,0,0,0,0,0,0,0,0,0,0,0,0
276,1.26E+18,4/29/2020 12:14,20688337, i ainâ€™t mad at this. https://t.co/15u8lke7or,0,0,0,0,0,0,0,0,0,0,0,0,0,0,0,0,0,0,0,0,0
625,1.28E+18,7/2/2020 4:11,8.48E+17,my kids will have the most versatile music taste ever. unless they not fucking with my swag then its #fuckdemkids,0,0,0,0,0,0,0,0,0,0,0,1,0,0,0,0,1,0,0,0,0
304,1.25E+18,4/15/2020 1:02,60397903,iâ€™ve been in my feels all day! its been a tough day yâ€™all so just had to tweet it out loud! ğŸ’œ,0,0,0,0,0,0,0,0,0,0,0,0,0,0,0,1,0,0,1,0,0
182,1.23E+18,3/2/2020 23:02,191596003," strong, fearless, inclusive, friend. https://t.co/mdjr6ist1i",0,0,0,0,0,0,0,0,0,0,0,0,0,0,0,0,0,0,0,0,0
532,1.31E+18,9/21/2020 16:55,8.82E+17, isnâ€™t it up to the students ( minority or not) to earn their degree and become teachers ???! iâ€™m seriously concerned for this world when stupid statements like the one you wrote become the norm,1,0,0,0,0,0,0,0,0,0,1,0,1,0,0,0,0,1,0,0,0
138,1.27E+18,6/2/2020 16:18,1885108448,some ugly karen from hb just said sheâ€™d beat my ass cause i said â€œdelete these posts itâ€™s flooding the tl and pushing down important info â£ï¸â£ï¸â€ or at least add some information haha,0,1,0,0,0,0,0,0,0,0,1,0,1,0,1,0,0,0,0,0,0
758,1.24E+18,3/17/2020 19:58,89559995,â€œto our millennials... they are the core group that will stop this virus.â€ â€” dr. deborah birx (coronavirus task force)â€œiâ€™m on â€˜coronacationâ€™!â€ â€” one of my students ğŸ¤”ğŸ¤”ğŸ¤”,0,1,0,0,0,0,0,0,0,1,0,0,0,0,0,0,0,0,0,0,0
305,1.27E+18,5/27/2020 22:03,2185420603," the video is on my ig story. my bad, sorry for the confusion. my instagram is ğŸ¤ª",0,0,0,0,0,0,0,0,0,0,0,0,0,0,0,0,0,0,0,0,0
339,1.26E+18,5/14/2020 19:04,14879434,oh wow. this is pretty amazing.,0,0,0,0,0,0,0,0,0,0,0,0,0,0,0,0,0,0,0,1,0
539,1.34E+18,12/8/2020 4:27,427210877,for the cable-deprived among us.,0,0,0,0,0,0,0,0,0,0,0,0,0,0,0,0,0,0,0,0,0
274,1.32E+18,10/29/2020 19:15,239150768,am i doing this right?? ğŸ¤¡ https://t.co/3khik7ckvb,0,0,0,0,0,0,0,0,0,0,0,0,0,0,0,0,0,0,0,0,0
544,1.22E+18,1/31/2020 17:30,29903031,"also, ty to all the folks who reached out to me. iâ€™m fine, just kinda salty in solidarity of colleagues across this industry. so, iâ€™m off olive garden to go load up on breadsticks",0,0,0,0,0,0,0,0,0,0,1,0,0,0,0,0,0,1,0,0,0
125,1.24E+18,3/6/2020 20:17,428806574, bro i need you to stay indoors before they come at you with a 3 month contract. theyâ€™re shooting at everyone,1,1,0,0,0,0,0,0,0,0,0,0,0,1,0,0,0,0,0,0,0
249,1.34E+18,12/13/2020 19:37,3150328152,my babies ğŸ¥º ğŸ’–ğŸ’– https://t.co/7acqivpcgw,0,0,0,0,0,0,0,0,0,0,0,0,0,0,0,1,0,0,0,0,0
484,1.30E+18,8/19/2020 0:42,8.94E+17, i beg to differ...you are meaningless! steve is respected for the truth . you sir will be gone and he will always be there to tell the truth!,0,0,0,0,0,0,0,0,0,0,1,0,1,0,0,0,0,0,0,0,1
825,1.29E+18,7/20/2020 2:25,3119955028, global left? ğŸ¤£ğŸ¤£ğŸ¤£the left is being sanctioned by the us. they're currently being snached up the street by unidentifiable unmarked federal us officers while protesting.,0,0,0,0,0,0,1,1,0,0,0,0,0,0,1,0,0,1,0,0,0
157,1.25E+18,4/18/2020 4:39,169730721, the other day my friend and i did a quad. two of each. amazing,0,0,0,0,0,0,0,0,0,0,0,0,0,0,0,0,0,0,0,1,0
374,1.25E+18,4/16/2020 21:46,7.50E+17,"you have done your duty and left a tremendous impact on us all, we will always remember ğŸ™ forever rest in peace captain flores https://t.co/499xzrdj8q",0,0,0,0,0,0,0,0,0,0,0,0,0,0,0,0,0,0,1,0,0
593,1.31E+18,9/20/2020 0:15,1.21E+18,i break up with my ex only to have his twin with me every second same personality she doesnâ€™t even like pickles itâ€™s so weird how your kid can be so much alike their parent,0,0,0,0,0,0,0,0,0,0,0,0,0,0,0,0,0,0,0,0,0
349,1.25E+18,4/1/2020 16:24,93941912,"""where did you guys meet?""""christian mingleâ€¦""",0,0,0,0,0,0,0,0,0,0,0,0,0,0,0,0,0,0,0,0,0
437,1.28E+18,7/1/2020 16:53,7.56E+17," you are the last person on earth who should be critiquing anyoneâ€™s performance.  130,000 you moron.",0,0,0,0,0,0,0,0,0,0,1,0,1,0,0,0,0,1,0,0,0
512,1.24E+18,3/6/2020 17:33,9.73E+17,under review means theyâ€™re not going to do shit to the officers because they protect their own and keep beating up people of color because they bored &amp; racist. ğŸ˜¡,0,1,0,0,1,0,0,0,0,0,1,0,1,0,0,0,0,1,0,0,0
151,1.32E+18,10/30/2020 2:23,7.53E+17, it was so powerful and wild and such a vibe and i feel i captured that moment perfectly through music and it's like....it's very obviously a song meant to just empower you with fantasy and sexual prowess. so honey...own him while ur playing fall into me ğŸ’•,0,0,0,0,0,0,0,0,0,0,0,0,0,0,1,1,1,0,0,0,0
765,1.22E+18,1/26/2020 23:23,1851634555,for tuesdayâ€™s game between the clippers and lakers.. pretty much 1000 dollars for the top level at staples center.. just shows how much kobe was loved and respected in la.. ğŸ™ğŸ¼ğŸ https://t.co/2abzjoh5rn,1,0,0,0,0,0,0,0,0,0,0,0,0,0,0,1,0,0,1,0,0
556,1.21E+18,1/3/2020 3:47,1536914262, at coachella are you kidding me life is a dream rn,0,0,0,0,0,0,0,0,0,0,0,0,0,0,1,0,1,0,0,0,0
27,1.22E+18,1/21/2020 6:04,1027781965,i hate the fact that iâ€™m up so late for no reason the day before a test,0,0,0,0,0,0,0,0,0,0,1,0,0,0,0,0,0,0,0,0,0
72,1.22E+18,1/31/2020 10:31,372814412,that moment youâ€™re staring at perfection in the eye... #adorable #mylove #myamerica #mycolombianqueen #colombiangoddess  #latinqueen #mybestfriend #mylove #virgocancerlove @ in my heart https://t.co/5jarhoxsbi,0,0,0,0,0,0,0,0,0,0,0,0,0,0,0,1,0,0,0,0,0
320,1.28E+18,7/10/2020 16:24,416068682, no more tax exempt status for churches. nope nope nope!!!,0,0,0,0,0,0,0,0,0,0,0,0,0,0,0,0,0,0,0,0,0
656,1.23E+18,2/28/2020 13:44,2995492291, is there a presale code?,0,0,0,0,0,0,0,0,0,0,0,0,0,0,0,0,0,0,0,0,0
149,1.33E+18,11/16/2020 15:06,1.15E+18, thank you beautiful â¤ï¸,0,0,0,0,0,0,0,0,0,0,0,0,0,0,0,1,0,0,0,0,0
816,1.30E+18,9/5/2020 5:56,1.29E+18,more blm peaceful protesting.#blmantifaterroriststhugs,0,1,0,0,0,0,0,1,0,0,0,0,0,0,0,0,0,1,0,0,0
86,1.29E+18,7/31/2020 21:03,50971934, i literally have 0 clue what borderlands 3 is about cause you made us skip every cutscene.,0,0,0,0,0,0,0,0,0,0,0,0,0,0,0,0,0,0,0,0,0
567,1.29E+18,8/6/2020 15:15,532241456," itâ€™s interesting how racialization persists despite various ethnicizing efforts, including the strategy of adding â€œ-americanâ€ to group labels; racist ideologies distinguishing culturally â€œdiverseâ€ latinxs from undifferentiated african americans reflect some of these tensions",0,0,0,0,0,0,0,0,0,0,0,1,0,0,0,0,0,0,0,0,0
636,1.24E+18,3/15/2020 0:14,3277134026," being that the state with the worst air quality in the country, mine, is run by democrats &amp; fracking increazed exponentially under obama, &amp; gov brown allowed fracking companies to dumb their wastewater in our aquifers during a drought...ğŸ¤·â€â™€ï¸",0,1,0,0,0,0,0,0,0,1,1,0,1,0,0,0,0,1,0,0,0
167,1.28E+18,6/27/2020 17:46,66866138,"quantum lcsa team is no longer good if they lose to clg, but they are default good until then.",0,0,0,0,0,0,0,0,0,0,0,1,0,0,0,0,1,0,0,0,0
211,1.28E+18,7/8/2020 22:26,2332356278, done https://t.co/haj1eygyzf,0,0,0,0,0,0,0,0,0,0,0,0,0,0,0,0,0,0,0,0,0
44,1.27E+18,6/6/2020 15:49,1975452132,"everyone experiences their first #aidslifecycle differently; i got to experience it virtually from home and to be honest, i was devastated that i wasn't going to be able to ride from sf to la. all the training milesâ€¦ https://t.co/mvlxuzj3n2",0,0,0,0,0,0,0,0,0,1,0,0,0,1,0,0,0,1,1,1,0
287,1.23E+18,2/26/2020 0:22,449269944,stepping stone by duffy ğŸ¶ğŸµ,0,0,0,0,0,0,0,0,0,0,0,0,0,0,0,0,0,0,0,0,0
335,1.23E+18,2/7/2020 13:14,1.22E+18,"hey what service you got, because my cellphone bill the same price and all my friends act surprised",0,0,0,0,0,0,0,0,0,0,0,0,0,0,0,0,0,0,0,1,0
94,1.28E+18,7/12/2020 11:19,94434688, we need to chop it up ğŸ’¯,0,0,0,0,0,0,0,0,0,0,0,0,0,0,0,0,0,0,0,0,0
348,1.28E+18,6/22/2020 10:41,4772461044,iâ€™m surprise i didnâ€™t have bad guy on my apple music added to my song list... ğŸ¤¯,0,0,0,0,0,0,0,0,0,0,0,0,0,0,0,0,0,0,0,1,0
678,1.27E+18,6/16/2020 11:50,827498911,"minnesota congresswoman ilhan omar announced that her father has died due to complications from covid-19. may god rest his soul, i mean that. it has to be a super hard time for her, but then she can always fall back on her brother-in-husband for moral support.",1,0,0,0,0,0,0,0,0,0,0,0,0,0,0,0,0,0,1,0,0
401,1.27E+18,6/11/2020 2:02,65758778,lol the first guy that serenades me like this iâ€™m marrying! lol iâ€™m so serious try me! ğŸ¤£ğŸ˜‚â¤ï¸â¤ï¸â¤ï¸jamie foxx serenades serena williams at the espy awards - tennis ball https://t.co/buyus0bq5s via,0,0,0,0,0,0,0,0,0,0,0,0,0,0,1,1,0,0,0,0,0
89,1.24E+18,3/28/2020 19:42,171210931, welcome to the rest of the country.  trump is  still trying to keep numbers down out of pure narcissism. screwing the lives of americans.,0,1,0,1,0,0,0,1,0,0,1,0,1,0,0,0,0,1,0,0,0
490,1.22E+18,1/13/2020 14:26,119778127,"#truth another study adds to the growing body of evidence of #fluoride toxicity, shedding light on how it potentially contributes to degenerative eye diseases. findings like this once again putâ€¦ https://t.co/g8pwwh5u2a",0,0,0,0,0,0,0,0,0,1,0,0,0,0,0,0,0,0,0,0,0
324,1.26E+18,4/29/2020 15:14,3051434809,definitely donâ€™t mean no shit like this. wtf lmao,0,0,0,0,0,0,0,0,0,0,0,0,0,0,1,0,0,0,0,0,0
41,1.23E+18,2/28/2020 15:08,24845356, that date just threw me back to our old cmhs days .. whew! crazy how time has passed and seeing where people are today âœ¨,0,0,0,0,0,0,0,0,0,0,0,0,0,0,1,0,0,0,0,1,0
649,1.34E+18,12/22/2020 19:42,238090798, it's not working,0,0,0,0,0,0,0,0,0,0,0,0,0,0,0,0,0,0,0,0,0
353,1.27E+18,5/27/2020 18:45,8.64E+17,gal jensen wife laughing ğŸ˜‚ so hard(wors(er ğŸ“¸)e harder darker all the same same same dame drill (down) d) as burke only adds love â¤ï¸ after zayin no matter what as his only two care-taking compassion sympathy protect care-taking two _two_ -lioness gal j,1,0,0,0,0,0,0,0,0,0,0,0,0,0,1,1,0,0,0,0,0
290,1.22E+18,1/14/2020 1:06,1.15E+18,brooo they show more of taskmaster!!!!!! he looks amazing,0,0,0,0,0,0,0,0,0,0,0,0,0,0,0,0,0,0,0,1,0
746,1.24E+18,3/24/2020 18:18,1.06E+18,quarantine day 10 mood board https://t.co/hvr9die91y,0,0,0,0,0,0,0,0,0,0,0,0,0,0,0,0,0,0,0,0,0
777,1.22E+18,1/26/2020 21:57,55315884, itâ€™s a la/laker thing. ğŸ’”,0,0,0,0,0,0,0,0,0,0,0,0,0,0,0,0,0,0,1,0,0
849,1.23E+18,2/13/2020 20:36,1.18E+18,sara my valentine for the second year i love it â¤ï¸,0,0,0,0,0,0,0,0,0,0,0,0,0,0,0,1,0,0,0,0,0
697,1.25E+18,4/7/2020 9:48,271443977,"#dailyinspoâ˜€ï¸ #blessedbeyondmeasureğŸ™ğŸ˜‡ @ huntington beach, california https://t.co/mh0xyweqtl",0,0,0,0,0,0,0,0,1,0,0,0,0,0,0,0,1,0,0,0,0
5,1.33E+18,11/22/2020 21:27,25426447,"just posted a video @ los angeles, california https://t.co/415sojdvfe",0,0,0,0,0,0,0,0,0,0,0,0,0,0,0,0,0,0,0,0,0
301,1.26E+18,5/7/2020 10:34,2930849582,i use to lie up about my age. iâ€™d tell folks i was 36 when i was 32 so when they told me i looked 31/32 iâ€™d act all shy &amp; surprised ğŸ˜‹,0,0,0,1,0,0,0,0,0,0,0,0,0,0,1,0,0,0,0,1,0
35,1.30E+18,9/6/2020 22:28,2961958260," no one does this, no, ew.",0,0,0,0,0,0,0,0,0,0,0,0,1,0,0,0,0,0,0,0,0
352,1.31E+18,9/13/2020 4:52,15723895, trump is the president of the united states,0,0,0,0,0,0,1,0,0,0,0,0,0,0,0,0,0,0,0,0,0
637,1.26E+18,5/16/2020 3:46,1.20E+18,"the irsâ€™s website is one of the most ghetto, terrible services available through the government. even worse than the dmv and that is saying something.",0,0,0,0,0,0,0,0,0,0,1,0,1,0,0,0,0,1,0,0,0
563,1.22E+18,1/29/2020 2:16,1.10E+18, still the same shit going on,0,0,0,0,0,0,0,0,0,0,1,0,0,0,0,0,0,1,0,0,0
785,1.32E+18,10/28/2020 1:54,243016773,in we trust ğŸ™ğŸ¾,0,0,0,0,0,0,0,0,1,0,0,0,0,0,0,0,0,0,0,0,1
646,1.27E+18,6/13/2020 21:42,185929100," yes, stores where i live will not let you enter without one.",0,0,0,0,0,0,0,0,0,0,0,0,0,0,0,0,0,0,0,0,0
256,1.33E+18,12/1/2020 15:14,1.31E+18, betspert is my jam!  ğŸ’ƒğŸ•º,0,0,0,0,0,0,0,0,0,0,0,1,0,0,1,0,0,0,0,0,0
439,1.32E+18,10/16/2020 18:05,445440169, twice he had sum pic upside down....he made a choice ğŸ¤£ğŸ¤£ğŸ¤£ğŸ¥³â™¥ï¸ğŸ¥ŠğŸ˜³,0,0,0,0,0,0,0,0,0,0,0,0,0,0,1,1,0,0,0,0,0
200,1.29E+18,7/30/2020 18:43,1305832832,iâ€™m so happy with my progress âœ¨,0,0,0,0,0,0,0,0,0,0,0,0,0,0,1,0,1,0,0,0,0
587,1.24E+18,3/7/2020 17:19,116101777,the media is complicit with the cdc in spreading #coronavirus panic. maybe if we had ample testing the death rate wouldnâ€™t seem so high? https://t.co/pdfhbyej0t,0,1,0,0,0,0,0,0,0,1,1,0,0,1,0,0,0,1,0,0,0
450,1.29E+18,8/3/2020 10:09,863201701,trump's klansman fox voter base didn't want to watch the funeral of a black man,0,0,0,0,0,0,1,1,0,0,1,0,1,0,0,0,0,1,0,0,0
54,1.33E+18,11/30/2020 0:35,168397172, ??? so we canâ€™t be homies,0,0,0,0,0,0,0,0,0,0,0,0,0,0,0,0,0,0,0,0,0
76,1.26E+18,5/5/2020 13:17,1656997231,"â€œhey, guys. come on! you donâ€™t want to stay here forever, do you?â€ ğŸŒ´photo by: themariahmonroe cosplay designed by: wig styled by: alicianicolehairdesign mua: #chel #cheldorado #theroadtoeldorado #eldorado #utahimecosplay https://t.co/s5qyudzbo6",0,0,0,0,0,0,0,0,0,0,0,0,0,0,0,0,0,0,0,0,0
110,1.31E+18,9/15/2020 2:29,9.60E+17,democrats ard at war against our great nation!!!!,0,0,0,0,0,0,1,1,0,0,0,0,0,0,0,0,0,0,0,0,0
667,1.26E+18,5/23/2020 23:01,3362593773,"happy happy birthday ğŸˆğŸŠğŸğŸ‰ğŸ‚ give thanks unto the lord; call upon his name: make known his deeds among the people...andantğŸ•‰â™‹ï¸ @ los angeles, california https://t.co/kzrmtjooqb",0,0,0,0,0,0,0,0,1,0,0,0,0,0,1,0,0,0,0,0,0
253,1.23E+18,2/7/2020 2:10,2584843639,i wanna meet him. i know weâ€™d have some crackhead laughs,0,0,0,0,0,0,0,0,0,0,0,1,0,0,1,0,0,0,0,0,0
529,1.30E+18,9/1/2020 22:05,35762101,end of era decade living on ğŸ€â›µcrossing #ambroseshippingchannel by my #kayak. everyone has #na story in marina...you're welcome. #coronavirus #pandemic #covid_19 #covid19 #2020 #summer #marinadelrey #marinadeleyâ€¦ https://t.co/0ck1eqtecm,0,0,0,0,0,0,0,0,0,1,0,0,0,0,0,0,0,0,0,0,0
270,1.28E+18,6/24/2020 3:41,2232502776,friday is taking too long to get here. ğŸ˜«,0,0,0,0,0,0,0,0,0,0,0,1,0,0,0,0,0,0,1,0,0
648,1.29E+18,7/22/2020 16:09,4157678434,remember that part of the brutal federal overreaction to protests in portland is make us forget that #blacklivesmatter.,1,1,0,0,0,0,0,1,0,0,1,0,1,0,0,0,0,1,0,0,0
294,1.29E+18,8/9/2020 4:36,846945457,of course it is.no one can leave anything alone.,0,0,0,0,0,0,0,0,0,0,0,0,0,0,0,0,1,0,0,0,0
582,1.34E+18,12/30/2020 3:01,1.33E+18,how many different ways are law enforcement trying to kill bipoc? constantly not wearing masks. scott jones is a testament to incompetence #sacramento,0,1,0,0,0,0,1,1,0,0,1,0,1,0,0,0,0,1,0,0,0
107,1.22E+18,1/10/2020 18:25,63198398,i jus fell off my skateboard staring at someoneâ€™s fedora,0,1,0,0,0,0,0,0,0,0,0,0,0,0,0,0,0,0,0,0,0
736,1.25E+18,4/19/2020 21:02,8.83E+17,whatâ€™s your quarantine subclass,0,0,0,0,0,0,0,0,0,0,0,0,0,0,0,0,0,0,0,0,0
241,1.29E+18,8/7/2020 12:47,1.01E+18, i knew nano was married ğŸ˜©ğŸ’”,0,0,0,0,0,0,0,0,0,0,0,0,0,0,0,0,0,0,1,0,0
311,1.25E+18,4/27/2020 21:50,1.07E+18,man i miss my city. ğŸ¤ always coming back home to you. ğŸ¦‹,0,0,0,0,0,0,0,0,0,0,0,0,0,0,0,1,0,0,0,0,0
257,1.23E+18,2/6/2020 20:23,2747546383,i think everyone knew bron wasnâ€™t choosing ingram ğŸ’€ğŸ’€ğŸ’€,0,0,0,0,0,0,0,0,0,0,0,0,0,0,0,0,0,0,0,0,0
415,1.30E+18,9/12/2020 22:17,2997864620,"geez. they're getting hammered. stay safe, please. ğŸ’•ğŸ’•""louisiana declares a state of emergency as gulf coast braces for tropical storm sally""  https://t.co/ykqrkmqi6x",1,1,0,0,0,0,0,0,0,0,0,1,0,0,0,1,0,0,0,1,0
275,1.30E+18,9/4/2020 10:50,334771741,"i really donâ€™t think people understand that some people literally never had shit , was picked on &amp; looked down at , now yâ€™all mad they up ? thatâ€™s so lame ğŸ˜’",0,0,0,0,0,0,0,1,0,0,1,0,1,0,0,0,0,1,0,0,0
364,1.26E+18,5/9/2020 7:48,14303901,ibmâ€™s watson is named after their founder. microsoftâ€™s dr. watson debugger was named after sherlock holmesâ€™s buddy.,0,0,0,0,0,0,0,0,0,0,0,0,0,0,0,0,0,0,0,0,0
741,1.26E+18,5/17/2020 12:24,324808098,i have become a completely different and actual morning person during this quarantine.. iâ€™m so appreciative!,0,0,0,0,0,0,0,0,0,0,0,0,0,0,0,0,1,0,0,0,0
795,1.22E+18,1/27/2020 9:09,8.31E+17,kobe bryant is gone too soon! we are sending our condolences to his family after the helicopter crash yesterday. they confirmed his daughter gigi was aboard the helicopter as well. â €â €â €â €â €â €â €â €â €he taught us so muchâ€¦ https://t.co/usgu1ujwpa,0,0,0,0,0,0,0,0,0,0,0,0,0,0,0,0,0,0,1,0,0
232,1.30E+18,9/6/2020 16:15,30415752,my friends are so talented.,0,0,0,0,0,0,0,0,0,0,0,0,0,0,0,0,0,0,0,0,0
176,1.33E+18,11/12/2020 21:36,8.65E+17,a friday the 13th in 2020? look what happened the last one lmaoo,0,0,0,0,0,0,0,0,0,0,0,0,0,0,1,0,0,0,0,0,0
421,1.25E+18,4/8/2020 23:18,14985117,nothing evil they do surprises me. we must be exceptionally vigilant &amp; #votebluenomatterwho #votedemocrat2020,0,0,0,0,1,0,1,0,0,0,0,1,0,0,0,0,0,0,0,1,0
316,1.27E+18,6/9/2020 0:44,15676028,i really feel for - i canâ€™t imagine that amount of self hatred he must have to issue that weak statement. i think throughout the  pantheon of black athletes he is the only one that has yet to realize his blackness.,1,0,0,0,0,0,0,0,0,0,0,0,0,0,0,0,0,0,1,0,0
382,1.23E+18,3/2/2020 13:05,9.49E+17,"born-again believers in #jesus are chastised by #god to bring us to repentance with the righteous, and not condemned with wicked who are or will be punished for their #sins. #faith in christ helps us bear our #troubles,knowing we are being corrected because we are his children https://t.co/p73p6ykg8u",0,0,0,0,0,0,0,0,1,1,0,0,0,0,0,0,1,0,0,0,1
722,1.24E+18,3/14/2020 14:47,342953499," i have the flu, havenâ€™t worked for a week and my job isnâ€™t putting out any schedules because of covid19, idk how iâ€™m gonna pay rent or bills this month. $briannmolinaa",0,0,0,0,0,0,0,0,0,1,0,0,0,1,0,0,0,1,0,0,0
177,1.27E+18,6/6/2020 21:04,3289376875,"i could never be friends with a big youtuber, i would just laugh at the end of every one of their sentences",0,0,0,0,0,0,0,0,0,0,0,0,0,0,1,0,0,0,0,0,0
67,1.22E+18,1/27/2020 22:36,14303901,"i have to admire the scheme of bitcoin, even though i obviously disapprove of it at the same time. the inventor has convinced a large number of people and institutions to buy into the completely financially unregulated concept of private elastic money construction based on greed.",0,0,0,1,0,0,0,0,0,0,1,0,1,0,0,0,0,1,0,0,0
767,1.22E+18,1/29/2020 14:17,7.40E+17,"everytime i wake up, i just think how kobe not with us anymore ğŸ˜ª",0,0,0,0,0,0,0,0,0,0,0,0,0,0,0,0,0,0,1,0,0
259,1.28E+18,7/14/2020 20:08,2372896928,the constant battle between not wanting to deal with ~feÃ«Å‚Ã®ngÅ›~ vs wanting to feel anything at all,0,0,0,0,0,0,0,0,0,0,0,0,0,0,0,0,0,0,0,0,0
85,1.25E+18,4/7/2020 12:17,1608942180, trump is a never ending joke. he is by no means presidential material. (fixed it for you little rd... you must have had predictive text on.),0,0,0,0,0,0,0,1,0,0,0,0,1,0,0,0,0,1,0,0,0
387,1.23E+18,3/2/2020 12:15,1.13E+18, looks like a certain los angeles daâ€™s husband this morning...,0,0,0,0,0,0,0,0,0,0,0,0,0,0,0,0,0,0,0,0,0
309,1.28E+18,6/23/2020 14:48,101524778, tpeople making a mockery of the whole shit trying to be funny and itâ€™s sad,0,0,0,0,0,0,0,0,0,0,0,0,0,0,0,0,0,1,1,0,0
524,1.32E+18,10/21/2020 13:42,2753863633, hahhahağŸ˜‚ğŸ˜‚ thereâ€™s not many rays fans out there...,0,0,0,0,0,0,0,0,0,0,0,0,0,0,1,0,0,0,0,0,0
397,1.24E+18,3/28/2020 17:58,190294201, really? cuz of lockdown ?,0,0,0,0,0,0,0,0,0,0,0,0,0,0,0,0,0,0,0,1,0
495,1.27E+18,6/6/2020 13:57,70470510,so #cringeworthy every time she speaks,0,0,0,0,0,0,0,0,0,0,0,0,1,0,0,0,0,0,0,0,0
417,1.28E+18,6/27/2020 10:32,3063157563," thank you for being who you are.  you are a great parent.  there will be days like this, but there will also be days of great triumph and joy to come.  we are all in this together.â¤",1,0,0,0,0,0,0,0,0,0,0,1,0,0,1,1,1,0,0,0,0
37,1.22E+18,1/30/2020 15:39,3145650061,we bumping music all day!!! happy b day big brother ğŸ’œ,0,0,0,0,0,0,0,0,0,0,0,0,0,0,1,1,0,0,0,0,0
666,1.32E+18,10/15/2020 5:49,188949765,swalloween is almost here ğŸ’«,0,0,0,0,0,0,0,0,0,0,0,1,0,0,0,0,0,0,0,0,0
735,1.26E+18,5/8/2020 16:59,8.09E+17,rediscovering â¦â©... this is a nice filter. i like this idea. #staysafe #lgbtquarantine #lagay #choosejoy #sober https://t.co/7nwy6qf19b,1,0,0,0,0,0,0,0,0,0,0,0,0,0,1,0,0,0,0,0,0
366,1.27E+18,6/20/2020 6:17,60419290, idk but i lost my keys,0,0,0,0,0,0,0,0,0,0,0,0,0,0,0,0,0,1,0,0,0
716,1.27E+18,6/1/2020 0:31,1.04E+18,this entire this is disgusting,0,0,0,0,0,0,0,0,0,1,0,0,1,0,0,0,0,0,0,0,0
347,1.26E+18,5/8/2020 0:24,9.05E+17,"boo 6. the first mega party i ever went to. needless to say,  it was lit https://t.co/hpa2w9brru",0,0,0,0,0,0,0,0,0,0,0,0,0,0,1,0,0,0,0,0,0
300,1.28E+18,7/15/2020 16:15,7.80E+17, big mistake! big mistake ! you just lost countless shoppers,0,0,0,0,0,0,0,0,0,0,0,0,0,0,0,0,0,0,0,0,0
441,1.31E+18,9/25/2020 4:37,4687079418,"i swear if baba voss dies, iâ€™m just gonna have to die too",0,1,0,0,0,0,0,0,0,0,0,0,0,0,0,0,0,0,0,0,0
472,1.33E+18,11/18/2020 14:38,278382290, never realized wellington was a grandpa.,0,0,0,0,0,0,0,0,0,0,0,0,0,0,0,0,0,0,0,1,0
196,1.28E+18,7/3/2020 0:25,302088718,i just need some diiiiick i just need some loveeeeee,0,0,0,0,0,0,0,0,0,0,0,0,0,0,0,1,0,0,0,0,0
738,1.25E+18,4/21/2020 18:16,388685192, that would be the most action iâ€™ve had during this quarantine. now turn him around! ğŸ˜œğŸ’¦,0,0,0,0,0,0,0,0,0,0,0,0,0,0,0,0,0,0,0,0,0
156,1.22E+18,2/2/2020 23:05,298399095,thank goodness ! congratulations to the chief they desever this shit! ğŸ’¯,0,0,0,0,0,0,0,0,0,0,0,0,0,0,1,0,0,0,0,0,0
181,1.29E+18,7/24/2020 19:37,27295545, thank you!  i couldnâ€™t adore him moreğŸ’™ğŸ’™ğŸ’™,0,0,0,0,0,0,0,0,0,0,0,0,0,0,0,1,0,0,0,0,0
694,1.23E+18,2/26/2020 2:56,49516492,now that my daughter is asleep i can eat her frozen chicken nuggets,0,0,0,0,0,0,0,0,0,0,0,0,0,0,0,0,0,0,0,0,0
521,1.22E+18,1/13/2020 21:24,15433635," seems like you might want to fix the impersonation, brigading, and fraud problems before you add financial incentives to it all",0,0,0,1,0,0,0,0,0,0,0,0,0,0,0,0,0,1,0,0,0
748,1.31E+18,10/5/2020 21:02,3420717695,three white house journalists test positive for coronavirus after closely covering trump,0,1,0,0,0,0,0,0,0,1,0,0,0,0,0,0,0,0,0,0,0
685,1.25E+18,4/26/2020 2:53,1127099168,ay itâ€™s beyond bulletproof when it come to mine,0,0,0,0,0,0,0,0,0,0,0,0,0,0,0,0,0,0,0,0,0
279,1.24E+18,3/23/2020 9:30,1.20E+18,it's good to have a sound mind lover our nation in charge. thank you mr. president.,0,0,0,0,1,0,1,0,0,0,0,0,0,0,0,0,0,0,0,0,1
297,1.31E+18,10/8/2020 1:12,3029387639, itâ€™s dropping this week ur chill,0,0,0,0,0,0,0,0,0,0,0,0,0,0,0,0,0,0,0,0,0
707,1.30E+18,8/21/2020 15:46,24336436," he has an outbreak of herpes on his mouth. yuck,  even more disgusting.",0,0,0,0,0,0,0,0,0,1,0,0,1,0,0,0,0,0,0,0,0
721,1.31E+18,10/5/2020 12:35,53562467," parallel universe. trump didnâ€™t kill anyone. covid killed the compromised &amp; the elderly (10k of which cuomo is directly responsible for) you drank the kool-aid. biden, msm, the entire left, called trump a racist &amp; xenophobe 4 the travel ban.  no telling how many lives that saved.",0,1,0,0,1,0,1,1,0,1,1,0,0,0,0,0,0,0,0,0,0
443,1.27E+18,5/26/2020 16:26,4511927173,"i feel like if we can get a big ass group of dedicated people, we can take tom nook down and burn him at the stake",0,1,0,0,0,0,0,1,0,0,0,1,0,0,0,0,1,0,0,0,0
781,1.28E+18,6/22/2020 14:20,25252349," x sosagrip  giving me kobe vibes ğŸ’œğŸ’› with .. thanks again for the board ğŸ“² âœŠğŸ½ğŸ˜Œ #ripkobe #ripgigi #skateboardingisfun #skatelife #losangeles @ los angeles, california https://t.co/mlgymfq2bm",0,0,0,0,0,0,0,0,0,0,0,0,0,0,0,1,0,0,1,0,0
142,1.25E+18,4/17/2020 14:15,8.48E+17, lmao thatâ€™s crazy you my 4th,0,0,0,0,0,0,0,0,0,0,0,0,0,0,1,0,0,0,0,0,0
299,1.34E+18,12/26/2020 20:35,1.32E+18,just got my nails illegally done. my manicurist drives an alfa romeo.,0,0,0,0,0,0,0,0,0,0,0,0,0,0,0,0,0,0,0,0,0
778,1.32E+18,10/27/2020 23:47,246418737,iâ€™m so emotional. iâ€™m so happy. so happy for my city. #forkobe,0,0,0,0,0,0,0,0,0,0,0,0,0,0,1,0,0,0,0,0,0
564,1.34E+18,12/30/2020 23:41,280944879, that did have pete's stank on it. which means they must be optimistic about his chances in ga.,0,0,0,0,0,0,0,0,0,0,0,0,0,0,0,0,1,0,0,0,0
751,1.24E+18,3/11/2020 22:00,73998426,that tom hanks coronavirus movie directed by ron howard like 5yrs from now is gonna clean up at the oscars.,0,0,0,0,0,0,0,0,0,0,0,0,0,0,0,0,0,0,0,0,0
170,1.24E+18,3/19/2020 20:01,9.29E+17, very important questions during this timeframe,0,0,0,0,0,0,0,0,0,0,0,0,0,0,0,0,0,0,0,0,0
42,1.33E+18,11/28/2020 14:15,292980808,"just posted a photo @ brea, california https://t.co/gq71hsfjvx",0,0,0,0,0,0,0,0,0,0,0,0,0,0,0,0,0,0,0,0,0
790,1.22E+18,1/26/2020 15:43,15294495, ? really? damn. thanks for the memories. #rip,0,0,0,0,0,0,0,0,0,0,0,0,0,0,0,0,0,0,1,0,0
184,1.27E+18,6/15/2020 20:09,130944100,"idk why, but i know for sure my grandma would love ad astra",0,0,0,0,0,0,0,0,0,0,0,0,0,0,0,1,1,0,0,0,0
155,1.26E+18,5/13/2020 10:56,214183053,life has been good to fez,0,0,0,0,0,0,0,0,0,0,0,0,0,0,0,0,1,0,0,0,0
392,1.32E+18,10/12/2020 6:52,1.07E+18,wait i can explain ğŸ‘€ https://t.co/5alptfdd6d,0,0,0,0,0,0,0,0,0,0,0,0,0,0,0,0,0,0,0,0,0
38,1.30E+18,8/17/2020 14:25,1.28E+18,so yesterday at this friends bday party this mom was trying to take me home and she wanted to turn me out and stuff .....,0,0,0,0,0,0,0,0,0,0,0,0,0,0,0,0,0,0,0,0,0
562,1.24E+18,3/12/2020 16:19,61876905, ğŸ˜‚ğŸ˜‚ğŸ˜‚ send me ur addy ğŸŒšğŸ‰ğŸ˜‚,0,0,0,0,0,0,0,0,0,0,0,0,0,0,1,0,0,0,0,0,0
696,1.24E+18,3/23/2020 18:08,27895757,lmfaoooo the end made me wheeze,0,0,0,0,0,0,0,0,0,0,0,0,0,0,1,0,0,0,0,0,0
503,1.23E+18,2/7/2020 23:12,28860063, you people are nuts. the man is a morally bankrupt buffoon.,0,0,0,1,0,0,0,0,0,0,0,0,0,0,0,0,0,0,0,0,0
711,1.29E+18,8/14/2020 21:48,1.15E+18," so what? who cares? should have gone to another country, stupid! no, you wanted to take advantage of child born here is automatic american! been going on for many years! disgusting!",0,0,0,1,0,0,0,0,0,0,1,0,1,0,0,0,0,1,0,0,0
126,1.32E+18,10/27/2020 14:09,3019183117,"i ainâ€™t afraid of no ghosts,until that nightğŸ™„do you believe in spirits??!#explore #haunted @ spookytown https://t.co/vpwpuznpwh",0,0,0,0,0,0,0,0,0,0,0,0,0,1,0,0,0,0,0,0,0
186,1.26E+18,5/23/2020 2:27,24333766,"#henrywinkler is trending - he will always be the nicest man in show biz and an actorâ€™s actor. what a gem. his work on barry is stellar. #fonzi #barry #happydays @ west hollywood, california https://t.co/iogvfahpp6",0,0,0,0,0,0,0,0,0,0,0,0,0,0,1,0,1,0,0,0,1
191,1.29E+18,7/31/2020 23:47,552775896, hahaha i love snapped!!,0,0,0,0,0,0,0,0,0,0,0,0,0,0,0,1,0,0,0,0,0
808,1.26E+18,5/6/2020 21:06,3007174658, why tf did you remove the icon for the #blacklivesmatter hashtag !?!?,0,0,0,0,0,0,0,0,0,0,1,0,0,0,0,0,0,0,0,0,0
513,1.33E+18,11/22/2020 17:13,157075789,itâ€™s really sad to know that my cousins dad was deported and in his mind his dad went to jail when the reality is america doesnâ€™t want him in this country to provide for his family... so they cause life long trauma and break apart the family... truly heartbroken ğŸ’”,0,0,0,0,0,0,0,0,0,0,0,0,0,0,0,0,0,0,1,0,0
640,1.24E+18,3/12/2020 14:51,38034435,"this is on top of the fact that my local employer, up until yesterday, had not made any plans in the event that people needed to work from home.so, i will again get up, head into work on public transit and hope for the best.",0,0,0,0,0,0,0,0,0,0,0,0,0,0,0,0,1,0,0,0,0
65,1.26E+18,5/17/2020 1:34,7.98E+17,itâ€™s that time again. shower beer time.,0,0,0,0,0,0,0,0,0,0,0,0,0,0,0,0,0,0,0,0,0
402,1.31E+18,9/13/2020 21:59,142573730,thanks to everyone who came to spend time with me and my friends this weekend at. i'm too tired to put together deep thoughts right now but i had a great time and want to thank and everyone else who pulled off a miracle of an online expo. https://t.co/qlxl3cxwbc,0,0,0,0,0,0,0,0,0,0,0,0,0,0,1,0,0,0,0,0,0
799,1.27E+18,5/29/2020 2:39,701944026,mlk did not die for this to still be happening today yâ€™all#blacklivesmatter,1,1,0,0,0,0,0,0,0,0,0,0,0,0,0,0,0,1,1,0,0
109,1.22E+18,2/2/2020 21:25,267800230,best super bowl halftime show evaaaah.  #superbowlliv #halftimeshow #sbliv,0,0,0,0,0,0,0,0,0,0,0,0,0,0,0,0,0,0,0,0,0
237,1.23E+18,2/26/2020 19:55,1.07E+18," akareasteele darrinkhan ğŸ‘©ğŸ¤¸â€â™€ï¸ğŸ’™ğŸ’›ğŸ»ğŸ‘©ğŸ¼ğŸŒ»ğŸ§’ğŸ’™â¤ï¸im create this photoart and did it myself and steele siblings are really bestfriends forever and have love each other and support each other, soâ€¦ https://t.co/6xth2u3pq4",1,0,0,0,0,0,0,0,0,0,0,0,0,0,0,1,0,0,0,0,0
461,1.25E+18,4/6/2020 21:26,24727322,"hello, i have been unable to reach your account managers for a few days now. can someone address my account?",0,0,0,0,0,0,0,0,0,0,0,0,0,0,0,0,0,0,0,0,0
801,1.27E+18,5/30/2020 21:56,7.85E+17,reminiscent of rodney king la riots 28 yrs ago. i was at usc back in the day when not guilty verdict came in. i couldnâ€™t believe they were not guilty. drove through burning buildings/seeing korean business owners protecting their businesses ğŸ˜ğŸ™ğŸ¼ #georgefloyd #blacklivesmatter,1,0,0,0,0,0,0,0,1,0,0,0,0,0,0,0,0,1,1,0,0
482,1.31E+18,9/27/2020 14:08,1.28E+18, thanks for sending condolences. i need justice.5495 atlantic#12 l.b. ca 90805 5628524378. refer to me on twitter and facebook and read my problem 28 years. i am peace &amp; security. usa transmitted testimony floodgate floodwater. i am truthful. need escape,1,0,1,0,0,0,0,0,0,0,0,0,0,0,0,0,0,0,0,0,1
473,1.22E+18,1/19/2020 5:41,21719201,"why did i decide watching 7 pounds was the healthy decision in life tonight ğŸ’”ğŸ˜­ like damn laur, drugs would have been a better choice",0,0,0,0,0,0,0,0,0,0,0,0,0,0,0,0,0,0,1,0,0
280,1.33E+18,11/10/2020 0:17,1.07E+18,in a few years iâ€™ll receive a big blessing with modeling ğŸ™ŒğŸ»,0,0,0,0,0,0,0,0,1,0,0,1,0,0,0,0,1,0,0,0,0
608,1.23E+18,2/19/2020 21:15,2534193260, itâ€™s a cold world in these streets when you get caught up to op,0,0,0,0,0,0,0,0,0,0,0,0,0,0,0,0,0,0,0,0,0
414,1.31E+18,9/15/2020 4:37,1285069740,this senior pit bull is proof that love can heal anything | the dodo ado... https://t.co/pen6erouc3 via/ great stories of our humanity. love ğŸ’• happy â€œ beginning for chimbey and his new family â€œ.ğŸ˜¢â¤ï¸ğŸ™ğŸ¼,0,0,0,0,0,0,0,0,1,0,0,0,0,0,1,1,0,0,1,0,0
705,1.28E+18,7/10/2020 19:42,1.12E+18,don jr. is a pathetic bitch.. he will never live up to his father his father was berated by an even more vile human being these people are just all a really sad sad scenario feckless. skanky women shit for brains men are literally too stupid to live and procreate. #trumpcancelled,0,0,0,0,0,0,0,1,0,0,1,0,1,0,0,0,0,1,1,0,0
837,1.23E+18,2/14/2020 22:40,1928976721,i got a system filled up toxins on the valentineâ€™s day,0,1,0,0,0,0,0,0,0,0,0,0,0,0,0,0,0,0,0,0,0
585,1.27E+18,6/11/2020 19:06,24612880,horizon forbidden west,0,0,0,0,0,0,0,0,0,0,0,0,0,0,0,0,0,0,0,0,0
611,1.29E+18,8/10/2020 14:56,24343480," want college football, + schools &amp; businesses to reopen, ? the rest of america does too. thereâ€™s a simple solution: listen to health experts like the rest of the developed world is doing so we can beat this thing, &amp; tell your followers &amp; potus to do the same. thx.",0,0,0,0,0,0,1,0,0,0,0,0,0,0,0,0,0,0,0,0,1
378,1.27E+18,6/6/2020 16:02,1.18E+18,i never said i can type correctly and make sense of things just know iâ€™m gonna be a good clan leader,0,0,0,0,0,0,0,0,0,0,0,0,0,0,0,0,1,0,0,0,0
204,1.23E+18,2/16/2020 0:11,1.17E+18,i just want to know your e.t.a,0,0,0,0,0,0,0,0,0,0,0,0,0,0,0,0,0,0,0,0,0
520,1.28E+18,6/26/2020 0:16,2614560115,"requiring year of college graduation is how they legally practice age discrimination, pass it on",0,0,0,1,0,0,0,0,0,0,0,0,0,0,0,0,0,1,0,0,0
154,1.29E+18,7/22/2020 13:37,293866606, itâ€™s my cut back on soda while still getting my bubble fix ğŸ˜£ğŸ™‰,0,0,0,0,0,0,0,0,0,0,0,0,0,0,0,0,0,0,0,0,0
319,1.27E+18,5/25/2020 20:51,807594044,"citrus chili salmon with strawberry thai chili reduction. reduction: fresh strawberries, garlic, lime, balsamic vinegar, white wine, thai chilies, and honey. heat in small saucepan to relax and release theâ€¦ https://t.co/cgh93osdjj",0,0,0,0,0,0,0,0,0,0,0,0,0,0,0,0,0,0,0,0,0
302,1.23E+18,2/22/2020 21:33,30534320,i was going to die sooner bcuz i was a leftie.,0,1,0,0,0,0,0,0,0,0,0,0,0,0,0,0,0,0,0,0,0
759,1.24E+18,3/20/2020 21:10,171210931, your making fun of something that is causing death. maybe if a loved one of yours died from the coronavirus you wouldn't be so flippant.,0,1,0,0,0,0,0,0,0,1,1,0,1,0,0,0,0,1,0,0,0
333,1.23E+18,2/20/2020 1:50,413803178," yes, i saw you raise an eyebrow and lick your lips.  :p just kidding.",0,0,0,0,0,0,0,0,0,0,0,0,0,0,0,0,0,0,0,0,0
104,1.26E+18,5/21/2020 16:11,1.20E+18,"n1811f, a eurocopter as 350 b2, is circling over baldwin park at 4425 feet, speed 63 mph, squawking 0233, 0.18 miles from deanza elementary school #n1811f https://t.co/zqafcx4nol https://t.co/7qmivgk4ab",0,0,0,0,0,0,0,0,0,0,0,0,0,0,0,0,0,0,0,0,0
188,1.22E+18,1/29/2020 1:47,7.55E+17,my favorite one was when matt and jonnÃ¦ were with us,0,0,0,0,0,0,0,0,0,0,0,0,0,0,0,1,0,0,0,0,0
327,1.31E+18,9/19/2020 1:51,738779772,believe in you believe in youbelieve in you believe in you,0,0,0,0,0,0,0,0,0,0,0,0,0,0,0,0,1,0,0,0,1
805,1.27E+18,6/2/2020 14:20,416580106,open up and click on browse... this pops up. #blacklivesmatter #theshowmustbepaused #applemusic #listentogether https://t.co/2jidbzja5l,1,0,0,0,0,0,0,0,0,0,0,0,0,0,0,0,0,0,0,0,0
239,1.23E+18,2/13/2020 1:54,580409097,i just meal prepped for my brother and i and wow. i made so much food i love it ğŸ™ŒğŸ¼ğŸ™ŒğŸ¼,0,0,0,0,0,0,0,0,0,0,0,0,0,0,0,1,0,0,0,0,0
809,1.27E+18,6/3/2020 17:49,3146276429,"as much as i think logan paul is annoying and a dick, this shit hits hard and is empowering. #blacklivesmatter",1,0,0,0,0,0,0,0,0,0,1,0,1,0,0,0,1,0,0,0,0
66,1.24E+18,3/21/2020 21:06,4191239027,0106zn223la lapd air support divisionsquawk: 1200n34.0358 w118.4068altitude: 500ftcourse: 90Âºgroundspeed: 111kts https://t.co/nuqoeip8ll,0,0,0,0,0,0,0,0,0,0,0,0,0,0,0,0,0,0,0,0,0
318,1.29E+18,8/2/2020 22:06,240878198, does he watch #90dayfiance?,0,0,0,0,0,0,0,0,0,0,0,0,0,0,0,0,0,0,0,0,0
783,1.22E+18,1/29/2020 1:43,30274144,at our hs #seniornight we honored kobe &amp; gigi bryant tonight.ğŸ™ğŸ½ğŸ€ ğŸ’”ğŸ’›ğŸ’œthe kids all wore kobe lakers gear during warm ups... dad attended...emotions so raw in los angeles... #ripkobe #ripmambacita #sierracanyon  vid via  https://t.co/pwl7qzeiab,0,0,0,0,0,0,0,0,1,0,0,0,0,0,0,1,0,0,1,0,0
812,1.27E+18,6/1/2020 20:26,2366178974,"keep reposting, twitter keeps deleting this.  #justiceforgeorgesfloyd #ftp #fucktrump #blacklivesmatter #fuckamerica #justice https://t.co/wk0pjnmxuz",1,0,1,0,0,0,0,1,0,0,1,0,1,0,0,0,0,1,0,0,0
112,1.23E+18,2/9/2020 14:33,23959413,i wonder if education sector is inadvertently guilty of misusing this concept in its policy making and district initiatives. isnâ€™t this where intervention programs come from? https://t.co/8r3w1wwl1e #suptchat #edpolicy,0,0,0,0,0,0,0,0,0,0,0,0,0,0,0,0,0,0,0,0,0
291,1.21E+18,1/3/2020 22:36,9.78E+17, his attitude on 6ft pa,0,0,0,0,0,0,0,0,0,0,0,0,0,0,0,0,0,0,0,0,0
679,1.30E+18,9/3/2020 11:14,20560425,this is the day that the lord hath made. i will rejoice and be glad in it.,0,0,0,0,0,0,0,0,1,0,0,0,0,0,1,0,1,0,0,0,0
727,1.24E+18,3/16/2020 12:43,780770521, every local college closed but compton city college! how irresponsible of them to endanger our kids lives! my son still had class today! shame on you compton college!! #covid19 #stayhomesavelives https://t.co/gte4e62ofq,1,1,0,0,0,0,0,0,0,1,1,0,1,0,0,0,0,0,0,0,0
789,1.22E+18,1/28/2020 3:29,1.00E+18,we humbly share a special edition of mental health mondays with dr. milo: #mambamentality. (#tiktok credit to) #mentalhealthisreal #mentalhealth #grief #podcast #mambaforever #ripkobe #kobe #kobebryant #loveandbeloved https://t.co/wjfdxbz1e5,0,0,0,0,0,0,0,0,0,0,0,0,0,0,0,1,0,0,1,0,0
440,1.32E+18,11/4/2020 9:16,287977053,"i was just telling you that you looked like claud from life , on halloween .",0,0,0,0,0,0,0,0,0,0,0,0,0,0,0,0,0,0,0,0,0
93,1.29E+18,8/3/2020 8:02,311920348,i hate that i bought new laptop only cause i have to download thousands of songs again ğŸ¤¦ğŸ¾â€â™‚ï¸ bro why didnâ€™t i put it on a hard drive ğŸ˜­ğŸ˜­,0,0,0,0,0,0,0,0,0,0,0,0,0,0,0,0,0,0,1,0,0
725,1.24E+18,3/31/2020 4:39,2536742486," thank u for the prayers, my  aunt that was tested positive in covid19 omg! my mum told me it was a wrong test so pls pray for those who are responsible dept of health in las vegas should need to know that. very irresponsible hospital glad sheâ€™s ok my cousin get better",1,0,0,0,0,0,1,0,1,1,1,0,1,0,0,0,1,0,0,0,0
523,1.31E+18,10/9/2020 17:00,1.20E+18,"n623sp, a cessna 172s skyhawk sp, is circling over los angeles county at 1500 feet, speed 86 mph, squawking 1200, 0.31 miles from los angeles light #n623sp https://t.co/vowabao6fi https://t.co/oafuewepnn",0,0,0,0,0,0,0,0,0,0,0,0,0,0,0,0,0,0,0,0,0
17,1.28E+18,6/23/2020 13:11,1.07E+18, were u arrested for molesting kids ? ğŸ¤·ğŸ¾â€â™‚ï¸ğŸ¤£ no right,0,1,0,0,0,0,0,0,0,0,0,0,0,0,1,0,0,0,0,0,0
712,1.25E+18,4/3/2020 21:47,1.20E+18,which i have never done,0,0,0,0,0,0,0,0,0,0,0,0,0,0,0,0,0,0,0,0,0
166,1.26E+18,5/15/2020 22:36,263004514,if youâ€™re trying to dance and not listening to claude vonstroke live then youâ€™re missing out ğŸ¥³ğŸ£,0,0,0,0,0,0,0,0,0,0,0,0,0,0,1,0,0,0,0,0,0
843,1.23E+18,2/14/2020 20:15,276954311,â€¢ â€œlove quest - epâ€ available now on all platforms â€¢â€¢â€¢ iâ€™m still in a giving mood this valentineâ€™s day so if you havenâ€™t already...download my epâ€¼ï¸â€¼ï¸â€¼ï¸ &amp;&amp; then post it on your story/tag me - - and iâ€™mâ€¦ https://t.co/anjpihut3z,0,0,0,0,0,0,0,0,0,0,0,0,0,0,0,1,0,0,0,0,0
144,1.30E+18,8/26/2020 12:17,1.08E+18,gotta take some people off my private story ğŸ¤·ğŸ½â€â™€ï¸,0,0,0,0,0,0,0,0,0,0,0,0,0,0,0,0,0,0,0,0,0
760,1.24E+18,3/7/2020 11:47,2826977876,"the economy is going to take a hit because of #coronavirus isnâ€™t it? like, iâ€™m super sad for all the filmmakers who wonâ€™t get to show their films at #sxsw but iâ€™m also thinking about the  money the citizens of austin will be losing out on. i bet thatâ€™s a busy season",0,0,0,0,0,0,0,0,0,0,0,0,0,0,0,0,0,0,1,0,0
215,1.27E+18,6/16/2020 16:26,9.64E+17,charge on your cell phone on the go via the built in usb port. attach any power bank and charge up! order now: https://t.co/mfgnqkqton#barberbackpack #barbers #barberhub #hair #menshair #hairstylist #mobilebarber #housecalls #travelingbarber #masterbarber https://t.co/qemmap926o,0,0,0,0,0,0,0,0,0,0,0,0,0,0,0,0,0,0,0,0,0
597,1.33E+18,11/20/2020 4:09,265457384,on my way home from giving g herbo and k camp my new https://t.co/zgcnbhw5ql jackets ğŸ”¥ğŸ™ğŸ½ successful night of networking https://t.co/7wszm93hff,0,0,0,0,0,0,0,0,1,0,0,0,0,0,0,0,0,0,0,0,0
842,1.23E+18,2/15/2020 14:57,8.85E+17,"ik im late but happy valentineâ€™s day to every girl who spent today alone just bc a stupid boy broke their heart. i love yâ€™all, yâ€™all strong as fuck &lt;3 https://t.co/makyqwjrln",1,0,0,0,0,0,0,0,0,0,0,0,0,0,0,1,0,0,0,0,0
591,1.22E+18,2/2/2020 0:39,14541436,"september 1981 // great programming at l.a.'s vista theatre on sunset.with music by stevie wonder, walon green's 1978 time-lapse photography plant doc. opened at the bruin in westwood. #film #losangeles #vistatheatre https://t.co/onfzp3skwt",0,0,0,0,0,0,0,0,0,0,0,0,0,0,0,0,0,0,0,0,0
360,1.33E+18,11/7/2020 15:19,20004398, seriously. its called picking your battles. iâ€™ve donated to her and to lincoln project... and iâ€™m not sure what her end goal is. baffling.,0,0,0,0,0,0,0,0,0,0,0,0,0,0,0,0,0,1,0,0,0
446,1.29E+18,7/29/2020 12:00,3271524948, and killing something is not something you should be proud of. you should feel respect and humility and not post a picture of itâ€™s dead body. itâ€™s bad enough you killed it in the first place.,0,1,0,0,0,0,0,0,0,0,1,0,1,0,0,0,0,0,0,0,0
212,1.22E+18,1/18/2020 0:13,1295574834," so yall gone delay my order. get it wrong. not bring me a fork, and mf tell me thank u for reviewing fuck yall",0,0,0,0,0,0,0,0,0,0,1,0,1,0,0,0,0,0,0,0,0
384,1.29E+18,8/9/2020 0:09,915768612,loving people from a distance is sometimes better... for you.,0,0,0,0,0,0,0,0,0,0,0,0,0,0,0,1,0,0,0,0,0
411,1.28E+18,7/4/2020 19:28,94256432, ğŸ˜‚ğŸ˜‚ the girlfriends are safe,0,0,0,0,0,0,0,0,0,0,0,0,0,0,1,0,0,0,0,0,0
298,1.28E+18,7/4/2020 0:56,1.26E+18,i like canâ€™t even take control of any parts of my life other than my sobriety. man.... i am just praying for my higher power real or not just to listen to me and to direct me in a way that somehow makes sense. thatâ€™s all i ask.,0,0,0,0,0,0,0,0,1,0,0,0,0,0,0,0,1,0,0,0,0
501,1.30E+18,8/21/2020 19:34,223750202,whyd i think this looked ~artsy~,0,0,0,0,0,0,0,0,0,0,0,0,0,0,0,0,0,0,0,0,0
546,1.33E+18,11/20/2020 0:24,80136483,20 yes since they performed this song together,0,0,0,0,0,0,0,0,0,0,0,0,0,0,0,0,0,0,0,0,0
542,1.22E+18,1/31/2020 5:32,2902372554,not me doing my position as a teamlead ... growth,0,0,0,0,0,0,0,0,0,0,0,0,0,0,0,0,0,0,0,0,0
670,1.32E+18,10/26/2020 16:29,14157112,"#mussolinicoumo: these officers are a disgrace w/summons given to hebrew schools sans kids, ww2 socialist oppression. quit targeting jewish communities, god is watching his people! quit following christians, christ is w/them &amp; the holy spirit dwells in all believers.",0,1,0,0,1,0,0,1,1,0,1,0,1,0,0,0,0,1,0,0,1
624,1.29E+18,8/12/2020 14:55,3129840916,i have so many places that i wanna travel to next year.. why am i not super rich ğŸ˜« this isnâ€™t fair! lmao,0,0,1,0,0,0,0,0,0,0,0,1,0,0,1,0,0,0,0,0,0
119,1.29E+18,7/23/2020 23:42,68742058,umm did you guys forget thereâ€™s a pandemic going on ? #openingday,0,0,0,0,0,0,0,0,0,0,0,0,0,0,0,0,0,0,0,0,0
698,1.29E+18,8/16/2020 1:01,8.51E+17," 3hrâ€™s in 2 years and 1248 abâ€™s to start for kirby. david ortiz similar small home run pop in minnesota to start, arrived in boston and never looked back below 20.",0,0,0,0,0,0,0,0,0,0,0,0,0,0,0,0,0,0,0,0,0
516,1.25E+18,3/31/2020 13:20,26691059,"funny how if you have a mortgage through fannie/freddie, you donâ€™t have to supply the first document proving loss of income was corona-related. but if you rent, you do.is this 1900 again where you arenâ€™t a full-rights citizen unless you own land?freelancers are fucked tmrw!!",0,0,0,0,0,0,0,0,0,0,1,0,1,1,0,0,0,1,0,0,0
254,1.31E+18,9/20/2020 22:18,37082033,lakers! lakers! lakers! that dagger was nice!,0,0,0,0,1,0,0,0,0,0,0,0,0,0,0,0,0,0,0,0,0
726,1.24E+18,3/11/2020 18:45,221098400,"ok, under heading of funny [not funny] flicking around and came across stargate sg-1 the fourth horseman and, except for reverse order of infection growth and unlikely alien cause/intervention, eerily similar. #covid19  coronavirus https://t.co/lnzbyglsjx",0,0,0,0,0,0,0,0,0,1,0,0,0,0,0,0,0,0,0,0,0
819,1.27E+18,5/28/2020 3:11,1.23E+18,they took the police side in the protests,0,0,0,0,0,0,1,1,0,0,0,0,0,0,0,0,0,0,0,0,0
692,1.23E+18,3/2/2020 1:56,1964725172,i need that type of sleep lmfao,0,0,0,0,0,0,0,0,0,0,0,0,0,0,1,0,0,0,0,0,0
132,1.32E+18,11/5/2020 15:28,1.04E+18, me too but iono where rn,0,0,0,0,0,0,0,0,0,0,0,0,0,0,0,0,0,0,0,0,0
83,1.30E+18,8/26/2020 11:37,38596217, jesus terrible human beings. ğŸ™,0,0,0,0,0,0,0,0,1,0,1,0,1,0,0,0,0,0,0,0,0
557,1.27E+18,5/28/2020 22:26,46840902, i doubt weâ€™ll miss the 80.2m bots anyway. ğŸ˜†,0,0,0,0,0,0,0,0,0,0,0,0,0,0,1,0,0,0,0,0,0
148,1.28E+18,7/6/2020 11:34,46726207,"happy monday everyone, be safe wear your mask!!! have a wonderful day my friend!!! ğŸ™ŒğŸ™ğŸ™",1,0,0,0,0,0,0,0,1,0,0,0,0,0,1,0,1,0,0,0,0
613,1.27E+18,5/28/2020 18:27,1272620827," sady,  one of reasons â€someâ€ people want to become cops, to legally â€bullyâ€ people of color or people of lower-socioeconomic status. i have several friends in law enforcement and theyâ€™ve told me they witness this attitude first hand.",0,1,0,0,0,0,1,1,0,0,1,0,1,0,0,0,0,1,0,0,0
462,1.29E+18,8/4/2020 15:32,1.28E+18,"whyğŸ¤·ğŸ½â€â™‚ï¸ we have to stop killing eachother, i have been to lebanon ğŸ‡±ğŸ‡§ so beautiful to spend time by the mediterranean sea ğŸŒŠğŸ™ğŸ½ğŸ’•#icubeirut ğŸ˜¢",1,1,0,0,0,0,0,0,1,0,0,0,0,0,0,1,0,0,1,0,0
131,1.30E+18,8/16/2020 19:35,46065234,yeah so i shamed orange county and now is time to shame los angeles for being reckless during a pandemic https://t.co/82wbbujgoe,0,1,0,0,0,0,0,0,0,0,1,0,0,0,0,0,0,0,0,0,0
223,1.32E+18,10/21/2020 20:36,7.63E+17,"a man who finds a good woman, finds a wife.",0,0,0,0,0,0,0,0,0,0,0,0,0,0,0,0,0,0,0,0,0
824,1.27E+18,6/20/2020 21:23,8.86E+17,every protest iâ€™ve been to has included zero looting by the protesters themselves. there was someone who came and flipped the snack and water table and people in cars that get livid for having to wait extra 3-5 minutes while we block road for protesters to pass.,0,0,0,0,0,0,0,1,0,0,1,0,0,0,0,0,0,0,0,0,0
231,1.31E+18,9/15/2020 20:38,1.29E+18,my favorite movie for every letter of the alphabet!this was fun to make ğŸ˜Š https://t.co/it7c98kwk6,0,0,0,0,0,0,0,0,0,0,0,0,0,0,1,0,0,0,0,0,0
586,1.28E+18,7/3/2020 0:37,108813540," followed you both. i mean, why not?",0,0,0,0,0,0,0,0,0,0,0,0,0,0,0,0,0,0,0,0,0
623,1.22E+18,1/20/2020 12:20,55722059," assuming it is the form of radar, it would likely be a legacy system and be far less precise then the camera systems currently in use.",0,0,0,0,0,0,0,0,0,0,0,0,0,0,0,0,0,0,0,0,0
90,1.25E+18,4/25/2020 23:41,7.34E+17,first off andieâ€™s fits are so fire and ducky was the fucking blueprint for indie boys today the bolo ties the small circle glasses im screaming,0,0,0,0,0,0,0,0,0,0,0,0,0,0,0,0,0,0,0,0,0
581,1.32E+18,10/21/2020 18:14,7.91E+17,whenever anyone wastes my time and tries to steal my $ https://t.co/d0w1ejtimu,0,0,0,1,0,0,0,0,0,0,0,0,0,0,0,0,0,0,0,0,0
782,1.22E+18,1/26/2020 16:51,98024511,rip legend...#lawillmissyou #ripkobybryant https://t.co/qtmjylgf6c,0,0,0,0,0,0,0,0,0,0,0,0,0,0,0,0,0,0,1,0,0
794,1.22E+18,1/26/2020 22:22,1929031195,lil wayne - kobe bryant (official video) https://t.co/uuahra3jjs via,0,0,0,0,0,0,0,0,0,0,0,0,0,0,0,0,0,0,0,0,0
365,1.32E+18,11/4/2020 20:54,1107704941,"this isn't the past where i didn't know who caused me all of that fucking pain, this present where i know n want retribution restitution revenge justice etc etc etc payback not enough anymore",0,0,1,0,0,0,0,0,0,0,1,1,1,0,0,0,0,0,0,0,0
199,1.21E+18,1/5/2020 14:19,38023296, tehranâ€™s unpredictability meets trumpâ€™s unpredictability. lovely.,0,0,0,0,0,0,0,0,0,0,0,0,0,0,0,0,0,1,0,0,0
288,1.28E+18,7/9/2020 1:26,31128478, i was trolling. thatâ€™s a mariah carey song,0,0,0,0,0,0,0,0,0,0,0,0,0,0,0,0,0,0,0,0,0
832,1.27E+18,6/4/2020 4:38,1.27E+18," we created a website which shows the nearest protests to you all over california, iâ€™ve put this long beach protest up too. please use this and share this so that everyone has an organized source of information. https://t.co/p5rtbar7iy",0,0,0,0,0,0,0,1,0,0,0,0,0,0,0,0,0,0,0,0,0
638,1.31E+18,9/13/2020 5:55,819037, we donâ€™t need your kind of predatory prosperity. we need you to resign. https://t.co/6ugka4wlxt,0,1,0,1,0,0,0,1,0,0,1,0,1,0,0,0,0,0,0,0,0
367,1.30E+18,8/27/2020 4:54,274728566, underrated tweet ğŸ˜‚,0,0,0,0,0,0,0,0,0,0,0,0,0,0,1,0,0,0,0,0,0
0,1.23E+18,2/10/2020 23:00,1.11E+18,the voice of the people,0,0,0,0,0,0,0,0,0,0,0,0,0,0,0,0,0,0,0,0,0
664,1.25E+18,4/16/2020 18:07,35112503,that people fwy until the tired of you,0,0,0,0,0,0,0,0,0,0,1,0,0,0,0,0,0,0,0,0,0
505,1.26E+18,5/1/2020 11:51,328308888, yass!!! ğŸğŸ’šğŸ,0,0,0,0,0,0,0,0,0,0,0,0,0,0,0,1,0,0,0,0,0
424,1.21E+18,1/3/2020 23:47,1.11E+18,my boys tryna pick up some iranian conchasğŸ˜ https://t.co/kgv8uqud1g,0,0,0,0,0,0,0,0,0,0,0,0,0,0,1,0,0,0,0,0,0
823,1.28E+18,7/5/2020 17:29,790411334,to all anti-mask protesters https://t.co/bmfetkmtds,0,0,0,0,0,0,0,1,0,0,0,0,0,0,0,0,0,0,0,0,0
676,1.25E+18,4/8/2020 13:14,9.00E+17, thank you for your words i receive and accept my blessing and prayer that i most desire in jesus name.,1,0,0,0,0,0,0,0,1,0,0,0,0,0,0,0,0,0,0,0,0
449,1.28E+18,7/7/2020 20:30,291421323,if you want to hire stupid people you can. america.,0,0,0,0,0,0,0,0,0,0,1,0,1,0,0,0,0,0,0,0,0
588,1.27E+18,5/29/2020 11:57,1072379108,when the protesters are non-violent and sitting peacefully vs when the protesters are rioting and burning the city to the ground*,0,1,0,0,0,0,0,1,0,0,0,0,0,0,0,0,0,0,0,0,0
337,1.24E+18,3/23/2020 8:00,162814209, oh my gosh!!! is that an eddie murphy reference???,0,0,0,0,0,0,0,0,0,0,0,0,0,0,0,0,0,0,0,1,0
282,1.27E+18,6/3/2020 18:33,236586634,"a peaceful protest happening a block away from our home in sherman oaks. a small, but beautiful blend of humanity coming together, demanding justice. i saw families and people of all ages letting their voices beâ€¦ https://t.co/10kiuk6zjz",1,0,1,0,0,0,0,1,0,0,0,0,0,0,0,0,1,0,0,0,0
594,1.30E+18,8/26/2020 17:18,25247218, spooky shit https://t.co/2nmoulyvzz,0,0,0,0,0,0,0,0,0,0,0,0,0,1,0,0,0,0,0,0,0
394,1.25E+18,4/12/2020 2:19,3169440067,"the power is with in......#parisbravo #cosplay #geekstrong #rey #starwars #riseoftheskywalker #funkopop #levitate #rock #vazquezrocks #starwars @ vazquez rocks, los angeles county, ca https://t.co/kwgjys4cqx",0,0,0,0,0,0,0,0,0,0,0,0,0,0,0,0,0,0,0,0,0
665,1.26E+18,5/24/2020 19:34,365296023,sometimes i think.... and then i remember not to do that,0,0,0,0,0,0,0,0,0,0,0,0,0,0,0,0,0,0,0,0,0
633,1.24E+18,3/27/2020 1:06,855587142," i, too, am heading homo",0,0,0,0,0,0,0,0,0,0,0,0,0,0,0,0,0,0,0,0,0
169,1.22E+18,1/16/2020 13:53,1.04E+18,me with my ass and arms. theyâ€™re the first thing to get huge when i gain weight.,0,0,0,0,0,0,0,0,0,0,0,0,0,0,0,0,0,0,0,0,0
306,1.28E+18,7/13/2020 22:31,27082147,. â€˜s â€œcrowd my mindâ€ is giving me billy joel vibes or like some song during the sad part of a 90s romantic comedy. like it could perfectly fit into â€œone fine day.â€ #countrycrush,0,0,0,0,0,0,0,0,0,0,0,0,0,0,0,0,0,0,1,0,0
114,1.27E+18,6/6/2020 22:55,2323448533,"imagine for a moment if was during this crisis. he would be soothing the country, addressing all citizens, not just a cult, and would be on television being eloquent instead of blockading himself in the like cadet bone spurs, the ultimate coward.",1,0,0,0,0,0,0,0,0,0,1,0,0,0,0,0,0,1,0,0,0
757,1.24E+18,3/14/2020 23:49,477236306,anyone let the amish know whatâ€™s going on yet? #coronavirus,0,0,0,0,0,0,0,0,0,0,0,1,0,0,0,0,0,0,0,0,0
547,1.28E+18,7/17/2020 13:21,14328160,"as their eyes locked and they passionately cultivate, together, and forever until the end of time.",0,0,0,0,0,0,0,0,0,0,0,0,0,0,0,0,0,0,0,0,0
355,1.32E+18,10/27/2020 20:46,1.05E+18,dave roberts trash asf for starting this wierdo,0,0,0,0,0,0,0,0,0,0,0,0,0,0,0,0,0,0,0,0,0
740,1.27E+18,6/10/2020 14:54,2836219849,"smash burger didnâ€™t make it through the quarantine. however, i am looking froward to some habit.",0,0,0,0,0,0,0,0,0,0,0,1,0,0,0,0,0,0,0,0,0
98,1.27E+18,5/29/2020 23:56,3722271986, lmao other shit like what??? ğŸ˜‚,0,0,0,0,0,0,0,0,0,0,0,0,0,0,1,0,0,0,0,0,0
351,1.23E+18,2/18/2020 20:38,2234760798,queen elizabeth bans prince harry and meghan markle from using the lucrative â€œsussex royalâ€ brand they hoped to build an empire on. they are also forbidden from using the word â€œroyalâ€ in any of their branding. https://t.co/wdtjuo8rur,0,0,0,0,0,0,1,0,0,0,0,0,0,0,0,0,0,0,0,0,0
49,1.28E+18,7/12/2020 15:57,252845735,the new mad max flick looks lit. https://t.co/aywuq7aecs,0,0,0,0,0,0,0,0,0,0,0,0,0,0,1,0,0,0,0,0,0
1,1.33E+18,11/10/2020 19:40,98427620, this just sounds fire lol,0,0,0,0,0,0,0,0,0,0,0,0,0,0,1,0,0,0,0,0,0
568,1.28E+18,7/11/2020 23:37,1.22E+18,if thereâ€™s ones thing i love itâ€™s various different types of lemonade,0,0,0,0,0,0,0,0,0,0,0,0,0,0,0,1,0,0,0,0,0
626,1.24E+18,3/7/2020 21:09,2902103064,put me in the baseball team dammit,0,0,0,0,0,0,0,0,0,0,1,0,0,0,0,0,0,0,0,0,0
804,1.27E+18,6/11/2020 22:53,8.42E+17,"they also love to call the cops on black men in la, leading to two of them being murdered by lapd. albert ramon dorsey was naked in the shower when had him killed. #boycott24 #blacklivesmatter",1,1,0,0,0,0,1,1,0,0,0,0,0,0,0,1,0,1,0,0,0
70,1.31E+18,9/18/2020 19:27,9.03E+17, cu = cluster *uck https://t.co/jj707qrhd6,0,0,0,0,0,0,0,0,0,0,0,0,0,0,0,0,0,0,0,0,0
189,1.25E+18,4/5/2020 17:21,2492006989,this my favorite one i love this anime so much i used to watch it on repeat before â˜ºï¸,0,0,0,0,0,0,0,0,0,0,0,0,0,0,0,1,0,0,0,0,0
310,1.27E+18,5/30/2020 23:46,248135355,people were coding all night at hospital... itâ€™s like i canâ€™t sleep because of the heartbreak life,0,0,0,0,0,0,0,0,0,0,0,0,0,0,0,0,0,0,0,0,0
381,1.24E+18,3/18/2020 14:11,420086917,i work for an amazing company! blessed to be apart of this team. they are truly looking out for the well being of their employees â¤ï¸,1,0,0,0,1,0,0,0,0,0,0,0,0,0,0,1,1,0,0,0,0
499,1.25E+18,4/16/2020 15:47,3358944958, haha once yall get married ğŸ‘€,0,0,0,0,0,0,0,0,0,0,0,0,0,0,1,0,0,0,0,0,0
796,1.22E+18,1/26/2020 16:12,2649091573,the day the whole world stopped you will be missed thanks for everything! prayers and condolences to bryant family ğŸ™ğŸ¼ğŸ™ğŸ¼,1,0,0,0,0,0,0,0,1,0,0,0,0,0,0,0,0,0,1,0,0
580,1.27E+18,6/20/2020 15:45,1.27E+18,certain shit ion even entertain no more,0,0,0,0,0,0,0,0,0,0,0,0,0,0,0,0,0,0,0,0,0
631,1.24E+18,3/17/2020 1:39,17976578, why can i not get ahold of anyone to chat with through your app? iâ€™ve been dealing with the same issue the past 3 months!,0,0,0,0,0,0,0,0,0,0,1,0,0,0,0,0,0,0,0,0,0
264,1.30E+18,8/21/2020 1:07,51677612,very sad. sad day indeed ğŸ’”,0,0,0,0,0,0,0,0,0,0,0,0,0,0,0,0,0,0,1,0,0
108,1.30E+18,8/23/2020 3:12,312314859, itâ€™s not rational.   itâ€™s lazy and intellectually dishonest.   lol,0,0,0,1,0,0,0,0,0,0,0,0,1,0,1,0,0,0,0,0,0
839,1.33E+18,11/18/2020 17:10,1.15E+18,this is the only valentine that matters,0,0,0,0,0,0,0,0,0,0,0,0,0,0,0,0,0,0,0,0,0
730,1.28E+18,7/14/2020 0:39,179248541,tired of covid season and ready for that cobija season.,0,0,0,0,0,0,0,0,0,0,0,1,0,0,0,0,0,0,0,0,0
753,1.28E+18,7/5/2020 18:05,6458492,"to the brands suggesting we send our kids to schools in the fall, to potentially catch or carry coronavirus, maybe you should donâ€™t.",0,1,0,0,0,0,0,0,0,1,0,0,0,0,0,0,0,0,0,0,0
821,1.28E+18,7/5/2020 11:37,7.88E+17," what a badass! counting coup is the lakota middle finger and iâ€™m so here for it. grew up in montana and i support yâ€™all and your protesting, keep it up. ğŸ‡ºğŸ‡¸",1,0,0,0,1,0,0,1,0,0,0,1,0,0,0,0,0,0,0,0,0
317,1.29E+18,7/23/2020 3:16,344946995, they was spose to drop a collar tape this summer ğŸ˜ª,0,0,0,0,0,0,0,0,0,0,0,0,0,0,0,0,0,0,0,0,0
489,1.33E+18,11/10/2020 16:38,21419745, â€œfreedom is not freeâ€,0,0,0,0,0,0,0,0,0,0,0,0,0,0,0,0,0,0,0,0,0
267,1.27E+18,5/25/2020 23:34,7.41E+17,this country is in really bad shape,0,0,0,0,0,0,0,0,0,0,0,0,0,0,0,0,0,1,0,0,0
273,1.22E+18,2/2/2020 0:34,8.73E+17,my only personality trait is always having a headache,0,0,0,0,0,0,0,0,0,0,0,0,0,0,0,0,0,0,0,0,0
714,1.29E+18,8/15/2020 2:45,1.15E+18,"mezcal is fucking disgusting, iâ€™m still sober i just remembered how fucking trash it is",0,0,0,0,0,0,0,0,0,0,1,0,1,0,0,0,0,0,0,0,0
357,1.27E+18,5/31/2020 23:34,7.55E+17,"the #curfew is a total failure. zero cop presence around #studiocity where there are hundreds of stores on ventura blvd. basically open season for looters no one to report them and less traffic. but brown/black folk that work 9-5pm, are caged in, im supposed to feel protected? https://t.co/yzprrz37zp",0,0,0,0,0,0,0,0,0,0,1,0,0,1,0,0,0,1,0,0,0
412,1.30E+18,8/29/2020 21:50,9.83E+17,rip. thoughts and prayers to the family,0,0,0,0,0,0,0,0,1,0,0,0,0,0,0,0,0,0,1,0,0
372,1.33E+18,11/10/2020 15:21,2469621378,"are you interested in working in an environment that fosters teamwork, where expectations and accountability are clearly defined, where trust and flexibility breed shared success? be part of what defines our future. join our team in #losangeles, ca. https://t.co/ohcwzjzjnj #art",0,0,0,0,0,0,0,0,0,0,0,1,0,0,0,0,1,0,0,0,1
540,1.25E+18,4/23/2020 21:38,1162073684, tackle tackle tackle. wirfs,0,0,0,0,0,0,0,0,0,0,0,0,0,0,0,0,0,0,0,0,0
612,1.30E+18,9/10/2020 12:01,1557234132," easy, to maintain the integrity of the numbering on the ones he is signing directly",0,0,0,0,0,0,0,0,0,0,0,0,0,0,0,0,0,0,0,0,0
774,1.22E+18,1/28/2020 19:04,100174492,randomly thinking about kobe through out the day....ğŸ’œğŸ’›ğŸ¤ğŸ•Š https://t.co/6mgybliap4,0,0,0,0,0,0,0,0,0,0,0,0,0,0,0,1,0,0,0,0,0
209,1.29E+18,8/8/2020 11:19,110570972,"it's ""sounds like brandy candy"" not ""sounds like brandy killed it""",0,1,0,0,0,0,0,0,0,0,0,0,0,0,0,0,0,0,0,0,0
216,1.24E+18,3/31/2020 0:12,1240089547, i thought the regular was more than that i- then yeah the liteâ€™s gotta be closer to $200!,0,0,0,0,0,0,0,0,0,0,0,0,0,0,0,0,0,0,0,1,0
673,1.32E+18,10/18/2020 16:00,1.26E+18,now seeing donalds in town. lets see if he addresses this subject of healing or not. being theres never been anyone that can cure people of different things before . let alone ever. question is does he want to meet the man who was smiled a pon by god or not. https://t.co/gxvr9btkpc,0,0,0,0,0,0,0,0,0,0,0,1,0,0,0,0,0,0,0,0,0
848,1.23E+18,2/24/2020 16:41,250208720,ugh i have to throw my valentines flowers away but i donâ€™t want to because i love them but they are dead and idk when iâ€™ll get flowers again ğŸ˜­,0,0,0,0,0,0,0,0,0,0,0,0,0,0,0,1,0,1,1,0,0
11,1.34E+18,12/7/2020 2:07,337551721,ladies donâ€™t ever settle frfr,0,0,0,0,0,0,0,0,0,0,0,0,0,0,0,0,0,0,0,0,0
797,1.22E+18,1/27/2020 11:31,2379849360,obama murders everyone specially in airplanes he knows what to triggerand this morning he assaulted kobe bryant soul also the passengers  voodooed out of a mobile feed like so many do for rape by a morph a satanic demon that reproduces in bubonic spew at vicinity of the victim.,0,1,0,0,0,0,0,0,0,1,0,0,1,0,0,0,0,0,0,0,0
506,1.24E+18,3/22/2020 1:38,98475137,no strings attached was my first c.d. so you could say i have ~ some ~ strings attached. happy birthday to a record that still bops! #nsa20 #nostringsattached20,0,0,0,0,0,0,0,0,0,0,0,0,0,0,1,0,0,0,0,0,0
340,1.32E+18,10/31/2020 23:43,884962734,the left hand always the most deadliest wow.,0,1,0,0,0,0,0,0,0,0,0,0,0,0,0,0,0,0,0,1,0
756,1.26E+18,5/5/2020 9:28,59047876,"be warned, coronavirus snitches: you too may be snitched on. st. louis tattlers discover their complâ€¦ https://t.co/4xsk4zw20l",1,1,0,0,0,0,0,0,0,1,0,0,0,0,0,0,0,0,0,0,0
228,1.26E+18,5/16/2020 12:55,1948044967,"everyone has value. if you donâ€™t understand, ask. taking the time to understand and empathize is so important. if this doesnâ€™t make sense, fall back to another rule, be kind.",1,0,0,0,0,0,0,0,0,0,0,0,0,0,0,0,0,0,0,0,0
312,1.32E+18,10/21/2020 18:45,885197238, get rid of those friends.they're total parasites.,0,0,0,0,0,0,0,0,0,0,0,0,1,0,0,0,0,1,0,0,0
220,1.29E+18,8/9/2020 2:16,3272137880, stop shooting so many threes ğŸ™ğŸ¾ğŸ™ğŸ¾ğŸ™ğŸ¾,0,0,0,0,0,0,0,0,1,0,0,0,0,0,0,0,0,0,0,0,0
584,1.22E+18,1/23/2020 11:32,188947228," https://t.co/xyrlz7fp9y for your consideration, hereis him stealing home without a throwâ€”he did so several times, and i canâ€™t see why he would be a bad baserunner but whatever",0,0,0,0,0,0,0,0,0,0,0,0,0,0,0,0,0,0,0,0,0
136,1.27E+18,6/11/2020 3:08,1066219999,lucy know too much. she ainâ€™t going nowhereeeee.,0,0,0,0,0,0,0,0,0,0,0,0,0,0,0,0,0,0,0,0,0
442,1.25E+18,4/16/2020 18:22,7.23E+17,is anyone doing charts of covid-19 spread controlled for population density instead of population?,0,0,0,0,0,0,0,0,0,0,0,0,0,0,0,0,0,0,0,0,0
570,1.25E+18,4/10/2020 22:18,1.02E+18,yâ€™all really surprised? check her daddy,0,0,0,0,0,0,0,0,0,0,0,0,0,0,0,0,0,0,0,1,0
95,1.34E+18,12/14/2020 15:25,276302112, susanne made that shit out of one of her lil gays,0,0,0,0,0,0,0,0,0,0,0,0,0,0,0,0,0,0,0,0,0
240,1.27E+18,5/26/2020 15:15,41424455, very nice ğŸ‘,0,0,0,0,0,0,0,0,0,0,0,0,0,0,0,0,1,0,0,0,0
433,1.23E+18,2/29/2020 5:12,541073580,so i guess robot house every semester is a thing now at visual studies- draw the line xwith devyn weiser and curime batlinerin collaboration with and cole masuno https://t.co/xorb05zagd,0,0,0,0,0,0,0,0,0,0,0,0,0,0,0,0,0,0,0,0,0
577,1.25E+18,4/24/2020 6:49,9.64E+17, why would the deals be tied to bfv specifically?,0,0,0,0,0,0,0,0,0,0,0,0,0,0,0,0,0,0,0,0,0
456,1.31E+18,10/8/2020 20:03,361679241,colton ca thu oct 8th pm forecast: tonight patchy fog lo 53 friday patchy fog hi 81,0,0,0,0,0,0,0,0,0,0,0,0,0,0,0,0,0,0,0,0,0
73,1.30E+18,9/7/2020 18:40,1.11E+18,i really got real ones on my team i appreciate n love u all,1,0,0,0,1,0,0,0,0,0,0,0,0,0,0,1,0,0,0,0,0
565,1.31E+18,9/16/2020 16:18,72987866,dude yes i was skeptical about this but this looks beautiful,0,0,0,0,0,0,0,0,0,0,0,0,0,0,0,1,0,1,0,0,0
752,1.24E+18,3/14/2020 13:26,2620166216," science says hand sanitizer opens up your pores and makes your more prone to getting diseases, like the coronavirus",0,0,0,0,0,0,0,0,0,1,0,0,0,0,0,0,0,0,0,0,0
356,1.29E+18,7/22/2020 0:42,1.16E+18," a raw and truthful breakdown of our current existence, using opinions, scientific facts and news, to prepare you for our new way of life on planet earth after 2ï¸âƒ£0ï¸âƒ£2ï¸âƒ£0ï¸âƒ£. with hosts https://t.co/e3mmq8cexk",0,0,0,0,0,0,0,0,0,0,0,0,0,0,0,0,0,0,0,0,0
702,1.32E+18,10/26/2020 23:08,34391773,"dude is disgusting. plus, he just looks like someone who lacks a soul. #votethemout",0,0,0,0,0,0,0,1,0,0,0,0,1,0,0,0,0,0,0,0,0
639,1.34E+18,12/12/2020 17:46,17397845,basically i conducted poll 60% will not get the #coronavaccine no vote passes! https://t.co/y3gv6chlr5,0,0,0,0,0,0,0,0,0,0,1,0,0,0,0,0,0,0,0,0,0
230,1.25E+18,4/24/2020 3:16,308750863, a really good answer,0,0,0,0,0,0,0,0,0,0,0,0,0,0,0,0,0,0,0,0,0
663,1.32E+18,10/25/2020 1:11,1.05E+18, you lucky bastard... this whole drama stuff happened around jokers release in smash,0,0,0,0,0,0,0,0,0,0,0,0,0,0,0,0,0,0,0,0,0
152,1.31E+18,10/4/2020 22:49,1266254521,thank you for your support and solidarity ğŸ‡¦ğŸ‡²â¤ï¸,1,0,0,0,0,0,0,0,0,0,0,0,0,0,0,1,0,0,0,0,0
262,1.22E+18,1/28/2020 20:00,1008035479,i wanna ball till i fall,0,0,0,0,0,0,0,0,0,0,0,0,0,0,0,0,0,0,0,0,0
478,1.31E+18,10/3/2020 3:06,788189018," yeah, pretty much in it for the money sheâ€™s going to get out of their marriage. cos you know whenever they leave the wh  sheâ€™s sending iâ€™m those divorce and alimony papers! that real alimony check sheâ€™s going to get will be his prez pension",0,0,0,1,0,0,0,0,0,0,0,0,0,0,0,0,0,1,0,0,0
34,1.22E+18,1/25/2020 19:17,9.03E+17,i'm not a fan of chihuahuas... but i fucking love chubby chihuahuas.,0,0,0,0,0,0,0,0,0,0,0,0,0,0,0,1,0,0,0,0,0
12,1.25E+18,4/2/2020 19:50,2787119756, hm. that feels like a metaphor.,0,0,0,0,0,0,0,0,0,0,0,0,0,0,0,0,0,0,0,0,0
388,1.23E+18,2/10/2020 18:30,24253069,the boy enjoying a sunny breeze today after yesterdayâ€™s rain https://t.co/6g54uvzh2z,0,0,0,0,0,0,0,0,0,0,0,0,0,0,0,0,0,0,0,0,0
75,1.27E+18,6/16/2020 10:25,2379141859,when you sneeze and the right side of your head throbsâ˜ºï¸ğŸ¥µ love waking up with a migrianeeeeğŸ¥°,0,0,0,0,0,0,0,0,0,0,0,0,0,0,0,1,0,1,0,0,0
242,1.29E+18,7/31/2020 6:31,549963885, nah man you just have to know right from wrong lol,0,0,0,0,0,0,0,0,0,0,0,0,0,0,1,0,0,0,0,0,0
292,1.28E+18,7/14/2020 21:59,23282632, they hit me with fresh cut and a modelo for $40 in east la lmao,0,0,0,0,0,0,0,0,0,0,0,0,0,0,1,0,0,0,0,0,0
617,1.30E+18,8/21/2020 3:26,49025268,i got some money but i have the most regular life thatâ€™s how itâ€™s suppose to be.....,0,0,0,0,0,0,0,0,0,0,0,0,0,0,0,0,0,1,0,0,0
58,1.33E+18,11/8/2020 11:57,76756405, so what you have to do is get your husband to agree that from this point on for the next 20 years you're going to make a way to make love morning noon and night. full-blown it is 3 weeks out the month. your sex life will never decrease but increase.,0,0,0,0,0,0,0,0,0,0,0,0,0,0,0,1,1,0,0,0,0
59,1.29E+18,8/3/2020 15:02,81503941,canâ€™t wait for quarantine to be over so i can be like this with my homies https://t.co/i3mjb11v7a,0,0,0,0,0,0,0,0,0,0,0,1,0,0,0,0,0,0,0,0,0
618,1.22E+18,1/21/2020 2:02,68487118, this is disgusting wow,0,0,0,0,0,0,0,0,0,0,0,0,1,0,0,0,0,0,0,1,0
422,1.29E+18,7/27/2020 10:55,51646105," with all the news coming out from this whole marlins situation, i hope they donâ€™t. keep the players on each side safe and just wait for any news to come from manfred on the season continuing or not",0,0,0,0,0,0,0,0,0,0,0,1,0,0,0,0,0,0,0,0,0
153,1.25E+18,4/15/2020 23:55,1116015542,day 1 of practice went good. i think i made great progress ğŸš²,0,0,0,0,0,0,0,0,0,0,0,0,0,0,0,0,1,0,0,0,0
681,1.23E+18,2/11/2020 15:06,9.54E+17, thank youuuu girl likewise ğŸ¥°ğŸ¥°ğŸ¥ºğŸ’•,0,0,0,0,0,0,0,0,0,0,0,0,0,0,0,1,0,0,0,0,0
413,1.26E+18,5/23/2020 0:59,8.24E+17,after all the craziness. this fortune could not have come at a better time. i pray every day and every night for jesus to show me the way. #afterthecraziness #fortune #bettertimes #pray #everyday #everynight #jesus #showmetheway #musician #artist #drummer #josephlarsendrums #â™ ï¸ https://t.co/1xh01xopmm,0,0,0,0,0,0,0,0,1,0,0,1,0,0,0,0,0,0,0,0,1
79,1.23E+18,2/23/2020 17:49,8.10E+17, cuties ğŸ˜ love you guys,0,0,0,0,0,0,0,0,0,0,0,0,0,0,0,1,0,0,0,0,0
732,1.24E+18,3/15/2020 17:31,2187773876,in the year 2030 parents are gonna be telling their kids â€œyou know you were a quarantine babyâ€,0,0,0,0,0,0,0,0,0,0,0,0,0,0,0,0,0,0,0,0,0
453,1.24E+18,3/25/2020 13:52,2150063106,2 more patients tested positive for covid-19 at our hospital ğŸ˜­pray this is over soon.,0,0,0,0,0,0,0,0,1,1,0,1,0,0,0,0,0,0,1,0,0
3,1.33E+18,11/23/2020 23:54,43802582,"i want something exciting in my life, career wise, but this pandemic is not letting me ğŸ˜",0,0,0,0,0,0,0,0,0,0,0,0,0,0,0,0,0,0,1,0,0
405,1.27E+18,6/2/2020 20:15,28953296,real leadership. where is the compassion and understanding  from the president? oh right only has compassion is when they are his â€œvery fine peopleâ€. i canâ€™t understand anyone who support the racist. gop maga whatâ€™s it going to take? please explain #blm,1,0,0,0,0,0,0,1,0,0,1,0,1,0,0,0,0,1,0,0,0
677,1.31E+18,10/4/2020 1:00,2416853134,i will never forgive myself for not joining my churchâ€™s choir when i was younger,0,0,0,0,0,0,0,0,0,0,0,0,0,0,0,0,0,0,0,0,0
386,1.25E+18,4/18/2020 10:43,19925954,#supportlocalnews https://t.co/ufe3h2os0t - local newspapers stopping the presses.,0,0,0,0,0,0,0,0,0,0,0,0,0,0,0,0,0,0,0,0,0
558,1.23E+18,2/9/2020 15:19,1090016737, i love you â¤ï¸,0,0,0,0,0,0,0,0,0,0,0,0,0,0,0,1,0,0,0,0,0
250,1.28E+18,6/29/2020 14:20,1499677874,always over the dumbest shit i swear man,0,0,0,0,0,0,0,0,0,0,0,0,0,0,0,0,0,0,0,0,0
326,1.28E+18,7/6/2020 15:46,7.58E+17,test_geo_hierarchy: 80fe4112-44a4-49a4-872b-98909f1be432,0,0,0,0,0,0,0,0,0,0,0,0,0,0,0,0,0,0,0,0,0
833,1.23E+18,2/6/2020 10:51,397013770,happy valentineâ€™s day from because i love you all so much when you order before 2.16 5 lucky customers will win a very special personal valentines gift from yours truly! donâ€™t forget we also haveâ€¦ https://t.co/8wy0jpov0w,0,0,0,0,0,0,0,0,0,0,0,0,0,0,0,1,0,0,0,0,0
659,1.25E+18,4/20/2020 23:19,283783863,"how is it possible that it's a global pandemic, i live alone, single, unemployed, broke, and the thing bothering me most every day is that i can't get my nails done?",0,0,0,0,0,0,0,0,0,0,0,0,0,0,0,0,0,1,0,0,0
371,1.30E+18,8/19/2020 15:42,1276505479, agreed! i think they might be the best team this season.,0,0,0,0,0,0,0,0,0,0,0,0,0,0,0,0,0,0,0,0,0
834,1.22E+18,1/13/2020 20:04,1030080186,"everyone at work is avoiding me cause iâ€™m sick but iâ€™m not giving up these union days !! &gt;:( even though i can get more , i want the magic of my 30th day landing on valentines day ğŸ¥ºğŸ’“",0,0,0,0,0,0,0,0,0,0,0,0,0,0,0,1,0,0,1,0,0
406,1.26E+18,5/23/2020 20:23,1546830572," when covid happens, a company without debt need not return to work. safety and health cones first, even if it is fake news or imaginary. they can even turn stores into triage or testing centers. musk has to reopen or tesla goes chap 11.",0,0,0,0,0,0,0,0,0,0,0,0,0,0,0,0,0,0,0,0,0
632,1.29E+18,8/14/2020 10:16,9.41E+17,me and this dick just woke up who else up wit us !?!,0,0,0,0,0,0,0,0,0,0,0,0,0,0,0,0,0,0,0,0,0
766,1.22E+18,2/1/2020 0:24,19630672, maybe itâ€™s not finished? probably looks better in person. great of him to honor kobe.,0,0,0,0,0,0,0,0,0,0,0,0,0,0,0,0,1,0,0,0,0
145,1.31E+18,9/20/2020 22:09,123747926,ad clutch in a big game!!,0,0,0,0,0,0,0,0,0,0,0,0,0,0,0,0,0,0,0,0,0
533,1.23E+18,2/11/2020 23:10,1099058876,all my friends in my ass.welp.,0,0,0,0,0,0,0,0,0,0,0,0,0,0,0,0,0,0,0,0,0
603,1.26E+18,5/1/2020 17:42,221241037,my first ! tugging just isnâ€™t the same in #quarantine #tctuggers #ithinkyoushouldleave https://t.co/wucycdwuh5,0,0,0,0,0,0,0,0,0,0,0,0,0,0,0,0,0,0,0,0,0
430,1.33E+18,11/15/2020 17:17,2866551555,about last night âœ¨ğŸ¤ https://t.co/m97snvfl3s,0,0,0,0,0,0,0,0,0,0,0,0,0,0,0,1,0,0,0,0,0
185,1.23E+18,2/5/2020 21:07,96444967,"hereâ€™s my full length fashion shot of lilia buckingham at the premiere of netflix's ""to all the boys: p.s. i still love you"" at the egyptian theatre. lilia #liliabuckingham netflixfilm toalltheboysnetflixâ€¦ https://t.co/c3mjwabaly",0,0,0,0,0,0,0,0,0,0,0,0,0,0,0,1,0,0,0,0,0
609,1.27E+18,6/3/2020 17:34,292576899,wow. it was great to hear a leader who brings people together.,0,0,0,0,0,0,1,0,0,0,0,0,0,0,1,0,1,0,0,1,0
737,1.25E+18,4/5/2020 22:46,28874068,quarantine more like bore-antine https://t.co/f5z1sunp9q,0,0,0,0,0,0,0,0,0,0,0,0,0,0,0,0,0,0,0,0,0
791,1.22E+18,1/26/2020 17:05,170071222,"it didnâ€™t matter what sport you played, but you played it with mamba mentality ğŸ˜ªrip goat ğŸ #kobebryant",0,0,0,0,0,0,0,0,0,0,0,0,0,0,0,0,0,0,1,0,0
559,1.25E+18,4/16/2020 1:45,239658396, thanks love! will try to visit next time iâ€™m in fontana,0,0,0,0,0,0,0,0,0,0,0,0,0,0,0,1,0,0,0,0,0
793,1.22E+18,1/26/2020 19:36,19167218,"rip! man this is tough. i followed hype of lower merion when i was. we came to la together (me back, he for 1st time). we ate next to him and his family. my departed dad loved him.  my season tix were during his reign. 1/?",0,0,0,0,0,0,0,0,0,0,0,0,0,0,0,1,0,0,1,0,0
207,1.23E+18,2/18/2020 3:25,220086522," i might buy vanilla waf', i might buy some real estatei might buy canary, taxi yellow, diamond glitter flicki might blow it all on somethin' stupid, wouldn't matter'cause i did not sign a dummy fuckin' deallike them, at end of day",0,0,0,0,0,0,0,0,0,0,0,0,1,0,0,0,0,0,0,0,0
469,1.33E+18,11/18/2020 23:32,833989320,somebody did not want to go to milwaukee ğŸ˜‚ https://t.co/x45bwl6k1i,0,0,0,0,0,0,0,0,0,0,0,0,0,0,1,0,0,0,0,0,0
69,1.24E+18,3/11/2020 1:44,29373658,the gym was ridiculously packed. still managed to get my chest and ab workout in. not where i want to be but better than i was!ğŸŸ£el gym estÃ¡ sÃºper lleno. asÃ­ me esforcÃ© y hice my rutina de pecho y abdominales. noâ€¦ https://t.co/k8opxd0tse,0,0,0,0,0,0,0,0,0,0,0,0,0,0,0,0,1,0,0,0,0
477,1.29E+18,7/30/2020 11:57,43535609,a year ago today... first time since i moved here...,0,0,0,0,0,0,0,0,0,0,0,0,0,0,0,0,0,0,0,0,0
160,1.32E+18,10/13/2020 4:31,3159008222,feel free to send flowers to my job :),0,0,0,0,0,0,0,0,0,0,0,0,0,0,0,0,0,0,0,0,0
15,1.25E+18,4/15/2020 6:03,4384533750,slam dunk got me crying,0,0,0,0,0,0,0,0,0,0,0,0,0,0,0,0,0,0,1,0,0
831,1.27E+18,6/2/2020 13:28,327739087,"joeâ€™s cafe is not trying to deflect and defend themselves, and many other people witnessed what occurred at yesterdayâ€™s peaceful protest... *this is not my post* https://t.co/rwtcrqal2u",0,0,0,0,0,0,0,1,0,0,0,0,0,0,0,0,0,0,0,0,0
140,1.25E+18,4/12/2020 22:52,8.72E+17,hmmm... i wonder why you don't want #bloodonhishandshannity to go viral... ğŸ¤”interesting,0,1,0,0,0,0,0,0,0,0,0,1,0,0,0,0,0,0,0,0,0
129,1.24E+18,3/21/2020 17:44,173711717," sorry i missed these comments due to the bee keeping neighbors being over. the wow is the magnitude of injections. banks need liquidity and yet the market is dry. we have equities, bonds, treasuries &amp; gold falling simultaneously. this is more than coronavirus.",0,0,0,0,0,0,0,0,0,0,0,0,0,0,0,0,0,0,0,0,0
635,1.24E+18,3/19/2020 11:21,14086836, this is bankruptcy-and embracing yourself in the legacy of mossadeq is insulting to all iranians https://t.co/qmz48p3ocw,0,1,0,0,0,0,0,0,0,0,1,0,0,0,0,0,0,0,0,0,0
427,1.23E+18,3/1/2020 13:46,22086087,"with all due respect, what does this mean?",0,0,0,0,0,0,0,0,0,0,0,0,0,0,0,0,0,0,0,0,0
647,1.30E+18,8/28/2020 13:28,28491923," while i applaud lebron for the voting initiative, i think it makes it seem like trump &amp; them are the source of the issues. we voted last time, got a black president and he failed us (meaning blacks, poor, latinos, marginalized). so wtf voting gonna do that it didn't do last time",0,0,0,0,0,0,1,1,0,0,1,0,0,0,0,0,0,1,0,0,0
811,1.30E+18,8/28/2020 14:49,478798558,"#saytheirnames #blacklivesmatter #jacobblakeshooting #jacobblake #changethesystem we cry, protest, do what officers say and they still shoot us. no questions no concerns no care at all. are we going to continue to allow this to happen to our generations to come. https://t.co/tg3qoqahhy",1,1,0,0,0,0,1,1,0,0,1,0,0,1,0,0,0,1,0,0,0
508,1.30E+18,8/18/2020 1:56,262393855, that's interesting. i used to sell on ebay. reliable usps made it happen. i hope you raise hell with your  senators and congress peeps. ebay is a force.,0,0,0,0,0,0,0,1,0,0,0,0,0,0,0,0,0,1,0,0,0
655,1.33E+18,11/10/2020 3:53,1.26E+18,sheâ€™ll submit naturally if you lead properly.,0,0,0,0,0,0,0,0,0,0,0,0,0,0,0,0,0,0,0,0,0
701,1.32E+18,10/26/2020 14:10,46027878, why is he so vile,0,0,0,0,0,0,0,0,0,0,1,0,0,0,0,0,0,0,0,0,0
550,1.33E+18,11/15/2020 19:35,549003956,i keep telling everyone we gotta keep you ğŸ˜… no cap lol,0,0,0,0,0,0,0,0,0,0,0,0,0,0,1,0,0,0,0,0,0
807,1.27E+18,5/30/2020 22:46,20198278,"iâ€™ll be on twitter expletive-free now that im outta #twitter jail #blacklivesmatter stay safe everyone out there who is protesting in #beverlyhills and all over the country ğŸ™ @ los angeles, california https://t.co/hcfsvggnum",1,0,0,0,0,0,0,1,1,0,0,0,0,0,0,0,0,0,0,0,0
788,1.26E+18,5/5/2020 23:58,15973764,"#kobe #mural #venice @ venice, california https://t.co/7njlkdc2tg",0,0,0,0,0,0,0,0,0,0,0,0,0,0,0,0,0,0,0,0,0
654,1.22E+18,2/3/2020 6:33,719482626,we out here eating granola baaaars https://t.co/g3aecukfnu,0,0,0,0,0,0,0,0,0,0,0,0,0,0,0,0,0,0,0,0,0
205,1.28E+18,6/27/2020 20:49,1.17E+18," diablo donald, itâ€™s you again!! ğŸ¤£ quack, quack cracker ğŸ˜‚ ğŸ™ ğŸ¦† youâ€™re a propaganda machine! ğŸ¤£https://t.co/baeveemh0r https://t.co/xiwpk8jwnw",0,0,0,1,0,0,0,1,0,0,1,0,1,0,0,0,0,1,0,0,0
198,1.24E+18,3/26/2020 14:27,1875950431,religious debate nice and early ğŸ˜ https://t.co/vqndfue5iq,0,0,0,0,0,0,0,0,0,0,0,0,0,0,0,0,0,0,0,0,0
571,1.31E+18,9/29/2020 0:54,1546830572, sig acquired them for $21 a share in 2014.,0,0,0,0,0,0,0,0,0,0,0,0,0,0,0,0,0,0,0,0,0
